-- MySQL dump 10.13  Distrib 5.7.24, for Linux (x86_64)
--
-- Host: localhost    Database: college
-- ------------------------------------------------------
-- Server version	5.7.24-0ubuntu0.18.04.1

/*!40101 SET @OLD_CHARACTER_SET_CLIENT=@@CHARACTER_SET_CLIENT */;
/*!40101 SET @OLD_CHARACTER_SET_RESULTS=@@CHARACTER_SET_RESULTS */;
/*!40101 SET @OLD_COLLATION_CONNECTION=@@COLLATION_CONNECTION */;
/*!40101 SET NAMES utf8 */;
/*!40103 SET @OLD_TIME_ZONE=@@TIME_ZONE */;
/*!40103 SET TIME_ZONE='+00:00' */;
/*!40014 SET @OLD_UNIQUE_CHECKS=@@UNIQUE_CHECKS, UNIQUE_CHECKS=0 */;
/*!40014 SET @OLD_FOREIGN_KEY_CHECKS=@@FOREIGN_KEY_CHECKS, FOREIGN_KEY_CHECKS=0 */;
/*!40101 SET @OLD_SQL_MODE=@@SQL_MODE, SQL_MODE='NO_AUTO_VALUE_ON_ZERO' */;
/*!40111 SET @OLD_SQL_NOTES=@@SQL_NOTES, SQL_NOTES=0 */;

--
-- Current Database: `college`
--

CREATE DATABASE /*!32312 IF NOT EXISTS*/ `college` /*!40100 DEFAULT CHARACTER SET latin1 */;

USE `college`;

--
-- Table structure for table `Building`
--

DROP TABLE IF EXISTS `Building`;
/*!40101 SET @saved_cs_client     = @@character_set_client */;
/*!40101 SET character_set_client = utf8 */;
CREATE TABLE `Building` (
  `idBuilding` int(11) NOT NULL AUTO_INCREMENT,
  `nameBuilding` varchar(45) DEFAULT NULL,
  `abbreviation` varchar(45) DEFAULT NULL,
  `operatingHours` varchar(45) DEFAULT NULL,
  `location` varchar(45) DEFAULT NULL,
  PRIMARY KEY (`idBuilding`)
) ENGINE=InnoDB AUTO_INCREMENT=26 DEFAULT CHARSET=latin1;
/*!40101 SET character_set_client = @saved_cs_client */;

--
-- Dumping data for table `Building`
--

LOCK TABLES `Building` WRITE;
/*!40000 ALTER TABLE `Building` DISABLE KEYS */;
INSERT INTO `Building` VALUES (1,'Online','ONLINE',NULL,NULL),(2,'Esbenshade Hall','E',NULL,NULL),(3,'Hoover Business Building','H',NULL,NULL),(4,'Lyet Wing','L',NULL,NULL),(5,'Musser Hall','MU',NULL,NULL),(6,'Nicarry','N',NULL,NULL),(7,'Baugher Student Center','BSC',NULL,NULL),(8,'Royer Residence','R',NULL,NULL),(9,'Steinman Hall','ST',NULL,NULL),(10,'Thompson Gymnasium','TH',NULL,NULL),(11,'Wenger Center','W',NULL,NULL),(12,'Young Center','YC',NULL,NULL),(13,'Zug Memorial Hall','Z',NULL,NULL),(14,'No Building',NULL,NULL,NULL);
/*!40000 ALTER TABLE `Building` ENABLE KEYS */;
UNLOCK TABLES;

--
-- Table structure for table `Class`
--

DROP TABLE IF EXISTS `Class`;
/*!40101 SET @saved_cs_client     = @@character_set_client */;
/*!40101 SET character_set_client = utf8 */;
CREATE TABLE `Class` (
  `idClass` int(11) NOT NULL,
  `idCourse` varchar(16) DEFAULT NULL,
  `idFaculty` int(11) DEFAULT NULL,
  `statusClass` varchar(16) DEFAULT NULL,
  `seatsOpen` int(11) DEFAULT NULL,
  `seatsTotal` int(11) DEFAULT NULL,
  `timeDays` varchar(45) DEFAULT NULL,
  `timeHours` varchar(45) DEFAULT NULL,
  `idRoom` int(11) DEFAULT NULL,
  PRIMARY KEY (`idClass`),
  KEY `Teacher_idx` (`idFaculty`),
  KEY `Room_idx` (`idRoom`),
  KEY `CourseID_idx` (`idCourse`),
  CONSTRAINT `CourseID` FOREIGN KEY (`idCourse`) REFERENCES `Course` (`idCourse`) ON DELETE NO ACTION ON UPDATE NO ACTION,
  CONSTRAINT `Room` FOREIGN KEY (`idRoom`) REFERENCES `Room` (`idRoom`) ON DELETE NO ACTION ON UPDATE NO ACTION,
  CONSTRAINT `Teacher` FOREIGN KEY (`idFaculty`) REFERENCES `Faculty` (`idFaculty`) ON DELETE NO ACTION ON UPDATE NO ACTION
) ENGINE=InnoDB DEFAULT CHARSET=latin1 COMMENT='This holds all of the class information';
/*!40101 SET character_set_client = @saved_cs_client */;

--
-- Dumping data for table `Class`
--

LOCK TABLES `Class` WRITE;
/*!40000 ALTER TABLE `Class` DISABLE KEYS */;
INSERT INTO `Class` VALUES (35835,'HI 102',105,'Open',16,22,'TH','11:00am-12:15pm',55),(35837,'HI 115',106,'Open',2,22,'MW','12:30pm-01:45pm',6),(35839,'HI 330',105,'Open',5,24,'T','06:00pm-08:30pm',62),(35840,'HI 325',105,'Open',8,20,'TH','02:00pm-03:15pm',9),(35841,'HI 324',106,'Open',1,20,'MW','03:30pm-04:45pm',66),(35842,'HI 321',121,'Open',0,24,'TH','09:30am-10:45am',9),(35843,'HI 318',108,'Open',0,24,'MF','11:00am-12:15pm',66),(35844,'PCS265',167,'Open',5,5,'TH','12:30pm-01:45pm',53),(35845,'PCS465',167,'Open',19,20,' ','By Arrangement',92),(35846,'PCS465',150,'Open',16,24,' ','By Arrangement',92),(35847,'PCS465',108,'Open',24,24,' ','By Arrangement',92),(35848,'HPC125',131,'Cancelled',7,15,'MW','12:30pm-01:50pm',54),(35849,'PSY105',161,'Open',9,35,'MWF','02:00pm-02:50pm',72),(35850,'PSY105',159,'Closed',13,35,'TH','08:00am-09:15am',66),(35851,'PSY105',80,'Open',12,15,'H','06:15pm-09:00pm',66),(35852,'PSY125',3,'Closed',13,15,'TH','12:30pm-01:45pm',72),(35853,'PSY125',33,'Closed',5,5,'TH','02:00pm-03:15pm',72),(35854,'PSY205',161,'Open',9,10,'F','11:00am-11:50am',6),(35855,'PSY285',163,'Open',14,15,'TH','02:00pm-03:15pm',73),(35857,'PSY285',163,'Closed',16,20,'W','02:00pm-03:45pm',28),(35858,'PSY250',161,'Open',8,15,'MWF','09:30am-10:20am',28),(35859,'PSY240',7,'Open',19,20,'TH','09:30am-10:45am',22),(35860,'PSY240',3,'Open',19,20,'TH','11:00am-12:15pm',22),(35861,'PSY355',159,'Closed',0,35,'MW','12:30pm-01:45pm',89),(35862,'PSY475',161,'Open',20,20,'W','03:30pm-04:45pm',90),(35863,'PSY490',160,'Open',3,35,' ','By Arrangement',92),(35865,'PSY485',162,'Open',10,10,'MW','09:30am-10:45am',88),(35866,'PSY485',161,'Open',10,20,'TH','02:00pm-03:15pm',88),(35867,'PSY335',163,'Closed',22,35,'TH','11:00am-12:15pm',3),(35868,'PSY360',159,'Closed',11,35,'TH','12:30pm-01:45pm',69),(35869,'PSY245',54,'Open',20,20,'MW','02:00pm-03:15pm',8),(35870,'PSY230',118,'Open',19,20,'WF','12:30pm-01:45pm',79),(35871,'PSY440',93,'Open',8,14,'WF','09:30am-10:45am',53),(35873,'PSY125',162,'Closed',5,5,'MW','12:30pm-01:50pm',46),(35883,'MA 121',113,'Open',1,22,'MTHF','11:00am-12:00pm',71),(35884,'MA 121',113,'Open',1,18,'MTHF','12:30pm-01:30pm',71),(35886,'MA 122',109,'Open',0,18,'MTHF','09:30am-10:30am',72),(35887,'MA 122',109,'Closed',24,24,'MTHF','11:00am-12:00pm',28),(35889,'MA 205',115,'Closed',24,24,'MWF','12:30pm-01:50pm',50),(35890,'MA 222',112,'Closed',2,49,'MTHF','11:00am-12:00pm',8),(35891,'MA 235',116,'Open',5,18,'MWF','12:30pm-01:50pm',73),(35892,'MA 235',116,'Open',16,40,'MWF','02:00pm-03:20pm',71),(35893,'MA 251',115,'Closed',9,10,'MWF','08:00am-09:20am',71),(35894,'MA 251',115,'Closed',9,10,'MWF','09:30am-10:50am',71),(35895,'MA 251',110,'Closed',9,10,'MWF','12:30pm-01:50pm',72),(35896,'MA 251',110,'Closed',8,10,'MWF','02:00pm-03:20pm',53),(35897,'MA 252',109,'Open',9,10,'MWF','12:30pm-01:50pm',4),(35898,'MA 262',111,'Open',9,10,'TH','09:30am-10:30am',31),(35899,'MA 321',111,'Open',10,10,'MTHF','11:00am-11:50am',53),(35900,'MA 355',110,'Open',16,16,'TH','08:00am-09:00am',53),(35902,'HMA275',111,'Open',6,22,'MWF','09:30am-10:50am',67),(35903,'DAT315',112,'Open',15,20,'TH','02:00pm-03:00pm',20),(35904,'MA 425',116,'Open',25,25,'MWF','09:30am-10:50am',73),(35905,'MA 458',114,'Open',21,21,'MWF','02:00pm-03:20pm',73),(35908,'ART105',66,'Closed',8,10,'MW','06:00pm-08:00pm',11),(35909,'ART105',159,'Closed',0,10,'TH','09:30am-10:45am',11),(35910,'ART105',13,'Closed',3,15,'MW','12:30pm-01:45pm',11),(35911,'ART120',38,'Closed',0,29,'MW','09:30am-12:20pm',12),(35912,'ART157',96,'Open',5,15,'TH','11:00am-12:20pm',14),(35913,'ART205',135,'Closed',10,25,'MW','12:30pm-01:45pm',15),(35914,'ART206',58,'Open',5,15,'T','05:00pm-09:00pm',12),(35915,'ART210',137,'Open',14,29,'TH','02:00pm-03:20pm',11),(35916,'ART251',61,'Open',12,12,'MW','03:30pm-06:20pm',17),(35917,'IC 202',82,'Open',0,19,'TH','02:00pm-03:20pm',14),(35918,'ART280',96,'Closed',7,15,'TH','12:30pm-01:45pm',18),(35919,'ART305',14,'Closed',7,15,'MW','12:30pm-01:45pm',15),(35920,'ART352',53,'Open',25,25,'MW','03:30pm-06:20pm',17),(35921,'ART402',60,'Closed',22,25,'TH','02:00pm-03:20pm',11),(35922,'ART209',89,'Open',0,20,'MW','06:30pm-08:30pm',16),(35923,'ART491',81,'Open',25,25,'TH','09:30am-10:45am',92),(35924,'ART499',96,'Open',23,25,'W','04:00pm-05:40pm',19),(35925,'EGR499',96,'Open',10,28,'W','04:00pm-05:40pm',19),(35926,'ART499',96,'Open',25,25,'W','04:00pm-05:40pm',19),(35927,'EGR499',96,'Open',28,28,'W','04:00pm-05:40pm',19),(35928,'ART105',7,'Closed',13,15,'MW','09:30am-10:45am',11),(35929,'ART406',66,'Open',25,25,'MW','05:00pm-06:15pm',16),(35930,'ART325',72,'Open',18,25,'F','12:30pm-03:20pm',16),(35931,'ART470',96,'Open',20,25,' ','By Arrangement',92),(35933,'WGS105',74,'Open',16,20,'T','03:30pm-06:20pm',6),(35935,'BIO111',8,'Open',12,15,'MWF','08:00am-08:50am',27),(35938,'BIO112',3,'Open',9,35,'MWF','12:30pm-01:20pm',28),(35939,'BIO112',3,'Closed',31,35,'MWF','09:30am-10:20am',29),(35943,'BIO202',2,'Closed',27,35,'MW','08:00am-09:20am',5),(35944,'BIO202',8,'Closed',8,14,'TH','08:00am-09:20am',5),(35950,'BIO212',4,'Open',7,14,'MWF','08:00am-08:50am',30),(35952,'BIO235',4,'Open',4,14,'TH','08:00am-10:50am',32),(35953,'BIO322',14,'Open',14,35,'MF','11:00am-12:20pm',30),(35955,'BIO324',62,'Open',4,5,'TH','08:00am-09:20am',22),(35957,'BIO412',2,'Open',15,15,'F','12:30pm-01:20pm',33),(35958,'BIO412',14,'Open',9,35,'F','12:30pm-01:20pm',30),(35959,'BIO412',10,'Closed',0,35,'F','12:30pm-01:20pm',26),(35960,'BIO474',4,'Open',13,35,' ','By Arrangement',92),(35961,'BIO492',14,'Open',0,35,' ','By Arrangement',92),(35962,'BIO492',13,'Open',0,35,' ','By Arrangement',92),(35963,'BIO492',4,'Open',5,26,' ','By Arrangement',92),(35964,'BIO492',3,'Open',2,24,' ','By Arrangement',92),(35965,'BIO492',2,'Open',3,12,' ','By Arrangement',92),(35966,'BIO492',8,'Open',0,12,' ','By Arrangement',92),(35972,'BIO225',2,'Open',25,35,'TH','12:30pm-01:50pm',31),(35973,'BIO274',4,'Open',28,35,' ','By Arrangement',92),(35975,'BIO362',10,'Open',5,5,'MWF','09:30am-10:20am',26),(35976,'IC 201',2,'Open',0,20,'MWF','09:30am-10:50am',6),(35977,'DA 101',17,'Open',15,25,'TH','10:00am-10:50am',45),(35978,'DA 103',21,'Open',22,25,'TH','12:30pm-01:20pm',45),(35979,'DA 202',109,'Open',21,25,'TH','09:00am-09:50am',45),(35983,'TH 105',49,'Open',0,18,'MWF','09:30am-10:45am',66),(35984,'TH 165',17,'Open',0,18,'MWF','12:30pm-01:45pm',91),(35986,'TH 235',116,'Open',15,25,'TH','11:00am-12:20pm',91),(35987,'TH 315',86,'Open',22,22,'TH','09:30am-10:50am',91),(35988,'TH 350',95,'Open',6,22,' ','By Arrangement',92),(35989,'TH 360',46,'Open',4,22,' ','By Arrangement',92),(35990,'TH 405',1,'Open',0,24,' ','By Arrangement',92),(35991,'TH 405',34,'Open',20,22,' ','By Arrangement',92),(35992,'TH 310',71,'Open',14,20,'MWF','02:00pm-03:20pm',54),(35993,'ESL111',125,'Open',21,21,'MF','11:00am-12:20pm',3),(35994,'ESL112',125,'Open',20,20,'MF','11:00am-12:20pm',3),(35995,'FR 111',120,'Open',20,20,'MWF','09:30am-10:40am',56),(35996,'FR 112',125,'Open',20,20,'MWF','09:30am-10:40am',62),(35997,'FR 212',120,'Open',24,24,'MWF','12:30pm-01:40pm',62),(35998,'FR 497',120,'Open',10,10,' ','By Arrangement',92),(35999,'GER112',126,'Open',10,10,'MWF','09:30am-10:40am',63),(36000,'GER212',126,'Open',10,10,'MWF','12:30pm-01:40pm',59),(36001,'JA 112',119,'Open',10,10,'MWF','02:00pm-03:10pm',56),(36002,'JA 212',127,'Open',10,10,'MWF','12:30pm-01:40pm',56),(36003,'JA 245',119,'Closed',10,10,'M','06:30pm-09:15pm',56),(36004,'JA 312',127,'Open',10,10,'MWF','02:00pm-03:10pm',70),(36005,'JA 412',127,'Open',0,16,'MWF','09:30am-10:40am',70),(36006,'JA 497',119,'Open',0,16,' ','By Arrangement',92),(36007,'JA 497',127,'Open',1,16,' ','By Arrangement',92),(36008,'SP 111',118,'Closed',0,16,'MWF','09:30am-10:40am',3),(36009,'SP 112',118,'Closed',7,20,'MWF','02:00pm-03:10pm',7),(36010,'SP 211',123,'Open',16,16,'MWF','09:30am-10:40am',7),(36011,'SP 211',123,'Open',16,16,'MWF','12:30pm-01:40pm',69),(36012,'SP 212',122,'Open',25,25,'MWF','12:30pm-01:40pm',8),(36013,'SP 305',122,'Closed',1,18,'MW','03:30pm-04:50pm',8),(36014,'SP 319',118,'Open',1,24,'MWF','12:30pm-01:40pm',58),(36015,'SP 496',122,'Open',0,16,' ','By Arrangement',92),(36016,'SP 497',122,'Open',0,12,' ','By Arrangement',92),(36017,'SP 497',123,'Open',6,18,' ','By Arrangement',92),(36018,'FR 323',120,'Open',10,10,'TH','12:30pm-01:50pm',63),(36019,'GER370',126,'Open',10,10,'MWF','03:30pm-04:40pm',64),(36020,'JA 240',119,'Open',10,10,'MW','12:30pm-01:40pm',1),(36021,'SP 170',122,'Open',5,22,'MWF','02:00pm-03:10pm',63),(36022,'SP 371',123,'Open',1,24,'T','11:00am-12:20pm',63),(36023,'SP 372',123,'Open',5,35,'H','11:00am-12:20pm',63),(36040,'ED 105',69,'Open',13,24,'TH','02:00pm-03:20pm',47),(36043,'ED 150',52,'Open',9,14,'MW','09:30am-10:50am',48),(36044,'ED 151',69,'Open',10,14,'TH','09:30am-10:50am',47),(36046,'ED 161',166,'Open',9,10,'M','08:00am-09:20am',20),(36047,'ED 161',93,'Open',6,12,'W','08:00am-09:20am',20),(36048,'ED 212',53,'Open',14,16,'T','08:00am-09:20am',48),(36049,'ED 224',109,'Open',14,24,'MW','09:30am-10:50am',49),(36050,'HI 224',102,'Open',12,12,'MW','09:30am-10:50am',49),(36051,'ED 250',52,'Open',6,16,'TH','09:30am-10:50am',48),(36053,'ED 258',52,'Open',0,20,'TH','12:30pm-01:50pm',49),(36055,'ED 325',65,'Open',7,12,'MW','08:00am-09:20am',50),(36056,'ED 326',65,'Open',9,10,'MW','08:00am-09:20am',50),(36057,'ED 335',65,'Open',4,10,'TF','09:30am-10:50am',50),(36058,'ED 336',65,'Open',0,24,'TF','09:30am-10:50am',50),(36059,'ED 341',53,'Open',0,24,'TH','12:30pm-01:50pm',48),(36062,'ED 345',52,'Open',9,24,'MW','12:30pm-01:50pm',48),(36063,'ED 346',52,'Open',14,24,'MW','12:30pm-01:50pm',48),(36064,'ED 360',98,'Open',12,24,'W','05:00pm-08:00pm',48),(36065,'ED 365',167,'Open',0,14,'MW','02:00pm-03:20pm',49),(36066,'ED 366',22,'Open',11,16,'MW','02:00pm-03:20pm',49),(36067,'ED 400',167,'Open',9,10,' ','By Arrangement',92),(36068,'ED 400',67,'Open',6,10,' ','By Arrangement',92),(36069,'ED 400',115,'Open',7,10,' ','By Arrangement',92),(36070,'ED 470',31,'Open',4,8,'MTWHF','08:00am-04:00pm',92),(36071,'ED 470',93,'Open',2,12,'MTWHF','08:00am-04:00pm',92),(36072,'ED 470',138,'Open',5,24,'MTWHF','08:00am-04:00pm',92),(36073,'ED 470',131,'Open',5,24,'MTWHF','08:00am-04:00pm',92),(36074,'ED 470',44,'Open',20,35,'MTWHF','08:00am-04:00pm',92),(36075,'ED 470',33,'Open',21,28,'MTWHF','08:00am-04:00pm',92),(36076,'ED 470',49,'Open',17,24,'MTWHF','08:00am-04:00pm',92),(36077,'ED 470',59,'Open',4,28,'MTWHF','08:00am-04:00pm',92),(36078,'ED 470',115,'Open',3,10,'MTWHF','08:00am-04:00pm',92),(36079,'ED 495',60,'Closed',11,35,'M','05:00pm-08:00pm',47),(36080,'ED 496',60,'Open',10,24,'M','05:00pm-08:00pm',47),(36081,'ED 497',60,'Closed',11,24,'M','05:00pm-08:00pm',47),(36082,'MCI530',30,'Open',17,24,'01/14/2019','',92),(36083,'MCI535',60,'Open',8,24,'03/18/2019','',92),(36084,'MCI590',128,'Open',23,24,'01/14/2019','',92),(36086,'MSE590',65,'Open',10,12,'M','05:00pm-08:00pm',48),(36087,'SED212',46,'Open',7,12,'01/14/2019','',92),(36088,'MSE512',103,'Open',22,24,'01/14/2019','',92),(36089,'SED222',69,'Open',10,12,'TH','11:00am-12:20pm',47),(36090,'MSE522',69,'Open',22,24,'TH','11:00am-12:20pm',47),(36092,'SED224',35,'Open',7,12,'MW','12:30pm-01:50pm',47),(36093,'MSE524',130,'Open',18,24,'MW','12:30pm-01:50pm',47),(36097,'ED 317',53,'Open',6,12,'TH','02:00pm-03:20pm',48),(36098,'SED230',94,'Open',8,24,'TH','09:30am-10:50am',49),(36099,'MSE530',31,'Open',24,24,'TH','09:30am-10:50am',49),(36101,'COM120',45,'Open',0,18,'MW','09:30am-10:50am',18),(36102,'COM130',43,'Open',0,18,'TH','11:00am-12:20pm',16),(36103,'COM130',43,'Open',0,18,'TH','02:00pm-03:20pm',16),(36106,'COM145',42,'Closed',8,24,'MW','12:30pm-01:50pm',13),(36107,'ART145',42,'Closed',4,35,'MW','12:30pm-01:50pm',13),(36108,'COM211',45,'Open',9,24,'TH','12:30pm-01:50pm',41),(36109,'COM220',42,'Open',15,24,'MW','09:30am-10:50am',42),(36110,'COM248',46,'Open',7,24,'MW','09:30am-10:50am',14),(36112,'COM330',46,'Open',2,12,'MW','12:30pm-01:50pm',42),(36114,'COM358',46,'Open',5,5,'T','05:30pm-08:30pm',42),(36115,'COM410',44,'Open',1,5,'MW','09:30am-10:50am',16),(36117,'COM471',41,'Open',5,5,' ','By Arrangement',92),(36118,'COM485',44,'Open',5,5,'TH','12:30pm-01:50pm',42),(36119,'COM499',42,'Open',2,6,' ','By Arrangement',92),(36120,'COM370',45,'Open',1,5,'MW','11:00am-12:20pm',18),(36121,'COM261',42,'Closed',9,24,'MW','02:00pm-03:20pm',42),(36122,'COM314',41,'Open',2,12,'TH','11:00am-12:20pm',42),(36123,'COM333',41,'Closed',1,12,'TH','09:30am-10:50am',42),(36124,'COM371',43,'Open',4,5,'MW','02:00pm-03:20pm',16),(36125,'COM485',41,'Open',1,5,'TH','12:30pm-01:50pm',13),(36126,'SW 160',169,'Open',0,18,'TH','11:00am-12:20pm',79),(36127,'SW 233',171,'Open',0,18,'MW','09:30am-10:50am',79),(36128,'SW 280',168,'Open',2,18,'TH','09:30am-10:50am',79),(36129,'SW 368',172,'Open',0,18,'T','05:30pm-08:15pm',79),(36130,'SW 369',169,'Open',29,32,'TH','02:00pm-03:20pm',79),(36131,'SW 380',171,'Open',1,18,'TH','12:30pm-01:50pm',79),(36132,'SW 400',170,'Open',10,18,' ','By Arrangement',92),(36133,'SW 471',169,'Open',7,18,'M','08:30am-09:20am',63),(36134,'SW 471',171,'Open',8,18,'M','08:30am-09:20am',49),(36135,'SW 498',170,'Open',2,20,'M','09:30am-12:20pm',9),(36136,'SW 346',171,'Open',1,18,'M','05:00pm-07:00pm',79),(36137,'SW 370',168,'Closed',13,18,'TH','11:00am-12:20pm',58),(36139,'MU 100',115,'Open',25,25,'M','03:30pm-04:20pm',74),(36140,'MU 102',1,'Open',20,25,'MF','08:00am-09:15am',67),(36141,'MU 104',10,'Open',23,25,'TH','01:00pm-01:50pm',67),(36142,'MU 104',162,'Open',23,25,'TH','02:00pm-02:50pm',67),(36143,'MU 111',101,'Open',24,25,'TH','11:00am-11:50am',74),(36144,'MU 118',54,'Open',25,25,'MW','09:30am-10:20am',76),(36145,'MU 118',168,'Closed',25,25,'MW','01:00pm-01:50pm',76),(36146,'MU 119',56,'Open',24,25,'M','11:00am-12:20pm',75),(36147,'MU 119',141,'Open',2,6,'M','12:30pm-01:45pm',77),(36148,'MU 125',53,'Closed',14,15,'MW','09:30am-10:50am',78),(36149,'MU 130',165,'Open',13,15,'F','01:00pm-01:50pm',77),(36150,'MU 150',159,'Open',13,15,'W','03:30pm-04:20pm',36),(36151,'MU 152',102,'Open',4,8,'TH','08:00am-09:15am',67),(36152,'MU 202',131,'Open',22,25,'MW','02:00pm-03:15pm',67),(36153,'MU 204',30,'Open',15,15,'TH','01:00pm-01:50pm',78),(36154,'MU 205',33,'Closed',10,15,'TH','08:00am-09:15am',79),(36155,'MU 212',101,'Open',43,44,'MWF','08:00am-09:15am',78),(36156,'MU 218',85,'Open',44,44,'TH','08:00am-08:50am',76),(36157,'MU 236',87,'Open',41,44,'H','04:30pm-05:20pm',77),(36158,'MU 253',102,'Open',42,44,'TH','11:00am-12:15pm',67),(36159,'MU 254',133,'Open',41,44,' ','By Arrangement',92),(36160,'MU 268',134,'Open',43,44,' ','By Arrangement',92),(36161,'MU 268',95,'Open',3,5,' ','By Arrangement',92),(36162,'MU 268',3,'Open',4,5,' ','By Arrangement',92),(36163,'MU 268',22,'Open',2,5,' ','By Arrangement',92),(36164,'MU 268',101,'Open',2,5,' ','By Arrangement',92),(36165,'MU 269',49,'Open',0,5,' ','By Arrangement',92),(36166,'MU 269',107,'Open',5,5,' ','By Arrangement',92),(36167,'MU 269',132,'Open',37,44,' ','By Arrangement',92),(36168,'MU 270',125,'Open',37,44,' ','By Arrangement',92),(36169,'MU 271',104,'Open',54,72,' ','By Arrangement',92),(36170,'MU 272',104,'Open',61,72,' ','By Arrangement',92),(36171,'MU 273',103,'Open',25,36,' ','By Arrangement',92),(36172,'MU 274',169,'Open',20,36,' ','By Arrangement',92),(36173,'MU 275',154,'Open',24,44,' ','By Arrangement',92),(36174,'MU 276',140,'Open',38,44,' ','By Arrangement',92),(36175,'MU 277',105,'Open',36,44,' ','By Arrangement',92),(36176,'MU 278',102,'Open',38,44,' ','By Arrangement',92),(36177,'MU 279',102,'Open',37,60,' ','By Arrangement',92),(36178,'MU 280',119,'Open',24,44,' ','By Arrangement',92),(36179,'MU 281',9,'Open',12,15,' ','By Arrangement',92),(36180,'MU 282',101,'Open',25,25,' ','By Arrangement',92),(36181,'MU 283',122,'Open',18,25,' ','By Arrangement',92),(36182,'MU 284',132,'Open',16,25,' ','By Arrangement',92),(36183,'MU 285',26,'Open',10,10,' ','By Arrangement',92),(36184,'MU 286',80,'Open',5,5,' ','By Arrangement',92),(36186,'MU 322',31,'Open',22,25,'MW','09:30am-10:45am',75),(36187,'MU 330',44,'Open',1,5,'TH','09:30am-10:20am',77),(36188,'MU 331',156,'Open',9,20,' ','By Arrangement',92),(36189,'MU 332',80,'Open',12,24,'W','02:00pm-02:50pm',80),(36190,'MU 354',101,'Open',9,15,'TH','09:30am-10:20am',75),(36191,'MU 355',157,'Open',0,10,' ','By Arrangement',92),(36192,'MU 356',145,'Open',13,15,' ','By Arrangement',92),(36193,'MU 358',66,'Open',13,15,'TH','11:00am-12:20pm',77),(36194,'MU 360',130,'Open',0,25,'M','02:30pm-03:20pm',75),(36195,'MU 360',32,'Open',7,25,'M','02:30pm-03:20pm',75),(36196,'MU 360',155,'Open',1,24,' ','By Arrangement',92),(36197,'MU 360',76,'Open',1,35,' ','By Arrangement',92),(36198,'MU 360',66,'Open',12,20,'F','02:00pm-02:50pm',75),(36199,'MU 360',164,'Open',19,20,'F','02:00pm-02:50pm',75),(36200,'MU 360',28,'Open',26,30,'H','06:00pm-07:20pm',75),(36201,'MU 360',99,'Open',16,30,'H','06:00pm-07:20pm',75),(36202,'MU 360',157,'Open',0,25,'H','03:30pm-04:20pm',81),(36203,'MU 360',82,'Open',5,5,'H','03:30pm-04:20pm',81),(36204,'MU 360',103,'Open',10,10,' ','By Arrangement',92),(36206,'MU 360',131,'Closed',5,5,'M','02:00pm-02:50pm',74),(36207,'MU 360',2,'Open',10,10,'M','02:00pm-02:50pm',74),(36208,'MU 361',33,'Open',0,20,'MW','12:30pm-01:45pm',75),(36209,'MU 361',134,'Open',6,30,'MW','12:30pm-01:45pm',75),(36210,'MU 363',36,'Open',4,18,'T','07:30pm-09:20pm',92),(36211,'MU 363',23,'Open',8,18,'T','07:30pm-09:20pm',92),(36212,'MU 364',166,'Open',6,30,'W','06:30pm-08:20pm',92),(36213,'MU 364',169,'Open',0,10,'W','06:30pm-08:20pm',92),(36214,'MU 365',140,'Open',2,10,'T','06:00pm-07:30pm',75),(36215,'MU 365',156,'Open',0,9,'T','06:00pm-07:30pm',75),(36216,'MU 368',143,'Open',0,40,'W','07:00pm-09:00pm',75),(36217,'MU 368',6,'Open',0,20,'W','07:00pm-09:00pm',75),(36218,'MU 369',20,'Open',4,20,'MW','04:30pm-06:00pm',75),(36219,'MU 369',28,'Open',28,32,'MW','04:30pm-06:00pm',75),(36220,'MU 440',60,'Open',14,18,'TH','02:00pm-02:50pm',25),(36221,'MU 457',32,'Open',18,18,' ','By Arrangement',92),(36222,'MU 458',34,'Open',1,25,' ','By Arrangement',92),(36223,'MU 459',55,'Open',0,30,'TH','02:00pm-03:20pm',77),(36224,'MU 471',132,'Open',1,18,' ','By Arrangement',92),(36225,'MU 475',126,'Open',0,18,' ','By Arrangement',92),(36226,'MU 479',35,'Open',0,18,' ','By Arrangement',92),(36227,'MU 490',63,'Open',4,5,' ','By Arrangement',92),(36228,'MU 231',73,'Open',31,35,'F','11:00am-12:40pm',75),(36229,'IC 204',108,'Open',3,32,'MW','02:00pm-03:20pm',66),(36230,'MU 204',80,'Open',10,15,'TH','02:00pm-02:50pm',78),(36231,'MU 218',13,'Closed',34,35,'TH','09:00am-09:50am',76),(36232,'FPA490',41,'Open',23,25,'W','09:00am-10:40am',25),(36233,'BA 490',41,'Open',1,18,'W','09:00am-10:40am',25),(36234,'EGR192',73,'Closed',18,24,'MW','01:55pm-03:35pm',23),(36235,'EGR192',73,'Open',10,12,'TH','01:55pm-03:35pm',23),(36236,'EGR256',80,'Open',24,24,'TH','02:00pm-03:20pm',5),(36237,'EGR291',74,'Open',24,24,' ','By Arrangement',92),(36238,'EGR312',81,'Open',33,35,'TH','08:00am-09:20am',51),(36239,'PHY312',81,'Open',24,24,'TH','08:00am-09:20am',51),(36240,'EGR347',9,'Open',34,35,'TH','06:00pm-07:20pm',23),(36241,'BA 347',143,'Open',0,35,'TH','06:00pm-07:20pm',23),(36242,'EGR368',73,'Closed',0,12,'MW','09:30am-10:50am',46),(36243,'EGR391',74,'Open',9,9,'F','12:30pm-01:30pm',23),(36244,'EGR391',72,'Open',0,13,'F','12:30pm-01:30pm',23),(36245,'EGR391',75,'Open',17,20,'F','12:30pm-01:30pm',23),(36246,'EGR391',73,'Open',18,20,'F','12:30pm-01:30pm',23),(36247,'EGR396',80,'Closed',16,20,'T','04:00pm-05:00pm',28),(36248,'EGR410',75,'Open',34,35,'TH','09:30am-10:50am',53),(36251,'EGR463',74,'Open',10,20,'TH','11:00am-12:20pm',46),(36252,'EGR492',74,'Closed',20,20,' ','By Arrangement',92),(36253,'EGR492',75,'Open',9,28,' ','By Arrangement',92),(36254,'EGR492',73,'Closed',28,28,' ','By Arrangement',92),(36255,'ES 114',80,'Closed',28,28,'TH','11:00am-12:20pm',5),(36258,'PHY102',34,'Open',10,28,'TH','11:00am-12:20pm',72),(36261,'PHY201',81,'Closed',28,28,'MWF','08:00am-09:20am',23),(36262,'PHY201',81,'Closed',4,24,'MWF','09:30am-10:50am',23),(36268,'PHY492',81,'Open',24,24,' ','By Arrangement',92),(36269,'EGR311',75,'Closed',12,24,'MW','12:30pm-01:50pm',51),(36271,'EGR364',72,'Open',30,35,'TH','12:30pm-01:50pm',52),(36272,'PHY221',81,'Open',20,24,'TH','12:30pm-01:50pm',51),(36274,'CS 121',50,'Open',2,6,'MWF','09:30am-10:50am',44),(36275,'CS 122',49,'Open',1,18,'MWF','12:30pm-01:50pm',44),(36276,'CS 222',50,'Closed',10,10,'MWF','12:30pm-01:50pm',43),(36277,'EGR222',50,'Closed',7,12,'MWF','12:30pm-01:50pm',43),(36278,'CS 230',51,'Open',12,20,'MWF','02:00pm-03:20pm',19),(36279,'CS 322',48,'Open',14,25,'TH','02:00pm-03:30pm',19),(36280,'CS 341',5,'Closed',14,20,'TH','02:30pm-04:10pm',43),(36281,'CS 342',49,'Closed',20,20,'MWF','09:30am-10:50am',43),(36282,'CS 422',49,'Open',30,35,'MWF','02:00pm-03:20pm',43),(36283,'EGR422',49,'Open',23,24,'MWF','02:00pm-03:20pm',43),(36284,'CS 471',49,'Open',19,24,' ','By Arrangement',92),(36285,'CS 490',48,'Open',33,35,' ','By Arrangement',92),(36286,'CS 495',6,'Open',25,25,' ','By Arrangement',92),(36287,'CS 333',51,'Open',8,20,'MF','03:30pm-05:50pm',19),(36288,'EGR333',51,'Open',35,35,'MF','03:30pm-05:50pm',19),(36289,'DS 200',50,'Open',25,25,'MWF','03:30pm-04:50pm',43),(36290,'CS 113',48,'Open',2,6,'TH','12:30pm-02:00pm',43),(36291,'CS 490',50,'Open',29,35,' ','By Arrangement',92),(36292,'ASL105',130,'Closed',0,12,'M','05:00pm-08:00pm',20),(36293,'OT 224',150,'Closed',4,24,'T','09:30am-12:20pm',73),(36294,'OT 224',37,'Open',3,12,'T','02:00pm-04:50pm',54),(36295,'OT 224',66,'Open',1,12,'H','09:00am-11:50am',69),(36296,'OT 227',145,'Open',5,5,'W','08:00am-10:50am',83),(36297,'OT 227',145,'Open',5,5,'TH','08:00am-09:20am',73),(36298,'OT 227',136,'Closed',7,12,'F','08:00am-10:50am',55),(36299,'OT 228',70,'Open',8,12,'W','08:00am-09:50am',84),(36300,'OT 228',63,'Closed',9,12,'W','02:00pm-03:50pm',82),(36301,'OT 228',43,'Closed',5,5,'F','12:30pm-02:20pm',82),(36302,'OT 228',111,'Closed',5,5,'M','02:00pm-03:50pm',84),(36303,'OT 327',134,'Open',5,5,'T','08:00am-11:00am',83),(36304,'OT 327',134,'Closed',24,24,'T','12:30pm-03:30pm',83),(36305,'OT 331',138,'Closed',24,24,'H','11:00am-11:50am',18),(36306,'OT 331',138,'Closed',3,12,'H','11:00am-11:50am',18),(36307,'OT 332',134,'Open',27,35,'H','08:00am-09:20am',83),(36308,'OT 332',134,'Open',18,35,'H','09:30am-10:50am',5),(36309,'OT 332',138,'Open',17,35,'F','08:00am-05:00pm',92),(36310,'OT 332',138,'Open',26,35,'M','08:00am-05:00pm',92),(36311,'OT 332',57,'Closed',11,24,'F','11:00am-11:30am',84),(36312,'OT 332',90,'Open',10,10,'F','03:00pm-03:30pm',84),(36313,'OT 332',134,'Open',2,10,'H','03:00pm-03:30pm',83),(36314,'OT 434',145,'Open',0,36,'M','02:00pm-05:00pm',83),(36315,'OT 434',31,'Closed',48,94,'F','09:00am-11:50am',83),(36316,'OT 434',138,'Open',1,36,'M','08:00am-05:00pm',92),(36317,'OT 434',138,'Open',14,35,'W','08:00am-05:00pm',92),(36318,'OT 434',145,'Open',17,24,'T','02:00pm-03:20pm',36),(36319,'OT 435',140,'Closed',23,24,'T','08:30am-10:20am',84),(36320,'OT 435',140,'Open',22,35,'H','08:30am-10:20am',84),(36321,'OT 440',129,'Open',0,25,'T','05:30pm-08:30pm',72),(36322,'OT 494',143,'Open',0,20,' ','By Arrangement',92),(36323,'OT 494',136,'Open',1,20,' ','By Arrangement',92),(36324,'OT 494',131,'Open',0,20,' ','By Arrangement',92),(36325,'OT 494',13,'Open',0,35,' ','By Arrangement',92),(36326,'OT 494',144,'Open',13,35,' ','By Arrangement',92),(36327,'OT 494',140,'Open',2,35,' ','By Arrangement',92),(36328,'OT 494',128,'Open',3,25,' ','By Arrangement',92),(36329,'OT 502',131,'Open',15,24,'H','02:00pm-03:20pm',28),(36330,'OT 529',143,'Open',8,8,'M','08:00am-11:00am',82),(36331,'OT 529',143,'Open',3,5,'T','12:30pm-03:30pm',84),(36332,'OT 529',143,'Open',13,25,'F','09:30am-12:30pm',20),(36333,'OT 530',133,'Closed',1,20,'W','08:30am-09:30am',72),(36334,'OT 530',133,'Closed',13,24,'W','08:30am-09:30am',72),(36335,'OT 541',140,'Open',3,20,'W','06:00pm-09:00pm',84),(36336,'OT 544',139,'Open',2,35,'W','10:30am-01:30pm',84),(36337,'OT 547',118,'Open',0,40,'H','09:30am-12:30pm',83),(36338,'OT 555',133,'Open',20,20,'T','08:00am-11:00am',20),(36339,'OT 590',145,'Open',25,35,' ','By Arrangement',92),(36340,'OT 590',136,'Open',3,35,' ','By Arrangement',92),(36341,'OT 590',128,'Open',23,35,' ','By Arrangement',92),(36342,'OT 590',144,'Open',6,24,' ','By Arrangement',92),(36343,'OT 590',131,'Open',3,35,' ','By Arrangement',92),(36344,'OT 590',137,'Open',14,35,' ','By Arrangement',92),(36345,'OT 590',140,'Open',17,24,' ','By Arrangement',92),(36346,'OT 590',74,'Open',19,35,' ','By Arrangement',92),(36347,'OT 590',143,'Open',5,5,' ','By Arrangement',92),(36348,'OT 590',136,'Open',9,14,' ','By Arrangement',92),(36349,'OT 110',144,'Closed',0,12,'TH','09:30am-10:50am',82),(36350,'OT 110',144,'Closed',7,12,'TH','11:00am-12:20pm',82),(36351,'OT 110',144,'Open',15,24,'TH','02:00pm-03:20pm',82),(36352,'OT 110',144,'Closed',3,12,'W','08:00am-11:00am',82),(36353,'OT 224',82,'Open',5,5,'H','12:30pm-03:20pm',7),(36354,'OT 331',138,'Open',0,35,'H','11:00am-11:50am',18),(36355,'OT 502',131,'Open',22,25,'H','02:00pm-03:20pm',28),(36356,'OT 502',131,'Open',5,5,'H','02:00pm-03:20pm',28),(36357,'OT 555',133,'Open',0,35,'W','02:00pm-05:00pm',83),(36358,'OT 435',140,'Open',19,35,'H','12:30pm-02:20pm',84),(36359,'CH 105',38,'Open',7,11,'MWF','09:30am-10:30am',34),(36361,'CH 109',36,'Open',7,11,'MWF','12:30pm-01:45pm',36),(36362,'CH 110',36,'Closed',0,18,'TH','06:00pm-08:00pm',37),(36363,'CH 113',35,'Closed',9,18,'MWF','08:00am-09:00am',36),(36365,'CH 113',35,'Open',13,18,'MWF','09:30am-10:30am',36),(36367,'OT 434',9,'Open',22,35,'F','01:00pm-03:50pm',83),(36372,'CH 214',38,'Open',5,5,'TH','09:30am-10:45am',34),(36374,'CH 242',37,'Open',15,35,'MWF','09:30am-10:20am',27),(36377,'CH 292',35,'Open',1,24,' ','By Arrangement',92),(36378,'CH 292',37,'Open',17,24,' ','By Arrangement',92),(36379,'CH 292',32,'Open',17,24,' ','By Arrangement',92),(36380,'CH 362',32,'Open',0,24,'F','11:00am-12:15pm',34),(36381,'CH 456',32,'Open',2,24,'W','12:30pm-03:20pm',40),(36382,'CH 462',32,'Open',5,24,'F','11:00am-12:15pm',34),(36383,'CH 492',35,'Open',0,45,' ','By Arrangement',92),(36384,'CH 492',38,'Open',0,45,' ','By Arrangement',92),(36385,'CH 492',32,'Open',0,18,' ','By Arrangement',92),(36389,'CH 324',32,'Open',6,40,'TH','12:30pm-01:50pm',34),(36390,'AC 101',22,'Closed',6,35,'MWF','12:30pm-01:40pm',0),(36391,'AC 206',26,'Open',10,10,'TH','02:00pm-03:40pm',1),(36392,'AC 270',17,'Open',3,5,'MWF','08:00am-09:10am',2),(36393,'AC 270',17,'Open',6,12,'MWF','02:00pm-03:10pm',2),(36394,'AC 302',22,'Open',1,12,'MW','09:30am-10:50am',0),(36395,'AC 304',17,'Open',0,24,'MWF','12:30pm-01:40pm',2),(36396,'AC 405',26,'Open',0,24,'TH','09:15am-10:55am',3),(36397,'AC 471',26,'Open',7,24,' ','By Arrangement',92),(36398,'AC 474',26,'Open',14,35,'MF','11:00am-12:15pm',4),(36399,'BA 101',21,'Closed',1,12,'TH','12:30pm-01:50pm',21),(36400,'BA 105',58,'Open',20,20,'W','09:30am-10:40am',21),(36403,'BA 197',29,'Open',0,35,'TH','09:15am-10:55am',1),(36404,'BA 215',40,'Open',6,35,'MW','08:00am-09:20am',1),(36405,'BA 248',15,'Open',27,35,'MWF','09:30am-10:40am',1),(36406,'EGR248',15,'Open',25,25,'MWF','09:30am-10:40am',1),(36407,'BA 248',15,'Open',12,49,'MWF','12:30pm-01:40pm',3),(36408,'EGR248',15,'Open',24,25,'MWF','12:30pm-01:40pm',3),(36409,'BA 257',161,'Open',18,30,'T','07:40am-09:15am',2),(36410,'BA 258',26,'Open',0,30,'T','09:20am-10:55am',2),(36411,'BA 265',15,'Closed',26,30,'MWF','02:00pm-03:10pm',21),(36412,'BA 271',24,'Closed',0,24,'01/14/2019','',92),(36413,'BA 271',24,'Open',0,24,'01/14/2019','',92),(36414,'BA 271',24,'Closed',9,24,'01/14/2019','',92),(36417,'FIN325',23,'Closed',4,15,'TH','09:30am-10:50am',0),(36418,'FIN325',23,'Open',1,5,'TH','02:00pm-03:20pm',0),(36419,'BA 330',21,'Open',0,35,'TH','09:20am-10:55am',21),(36420,'FBE384',27,'Open',0,35,'T','05:00pm-07:40pm',22),(36421,'BA 400',29,'Open',2,24,' ','By Arrangement',92),(36422,'BA 400',23,'Open',5,19,' ','By Arrangement',92),(36423,'FIN425',23,'Closed',11,11,'TH','12:30pm-01:50pm',61),(36424,'FIN426',23,'Open',11,11,'H','05:00pm-06:40pm',1),(36425,'FBE450',21,'Open',9,10,'01/14/2019','',92),(36426,'BA 473',29,'Open',6,35,'W','04:00pm-05:15pm',24),(36428,'BA 475',21,'Open',12,20,' ','By Arrangement',92),(36429,'FBE494',27,'Open',0,2,' ','By Arrangement',92),(36430,'BA 495',27,'Open',0,18,'MW','02:00pm-03:20pm',22),(36431,'BA 497',29,'Open',0,18,'TH','02:00pm-03:40pm',2),(36432,'BA 499',16,'Open',0,14,'TH','11:00am-12:20pm',1),(36433,'EC 101',20,'Open',8,35,'MWF','12:30pm-01:40pm',22),(36434,'EC 102',25,'Closed',2,3,'TH','02:00pm-03:20pm',21),(36435,'EC 280',25,'Open',7,18,'M','11:00am-12:15pm',22),(36438,'AC 101',22,'Closed',1,16,'MWF','02:00pm-03:10pm',0),(36439,'EC 309',25,'Open',21,25,'TH','12:30pm-01:50pm',22),(36440,'EC 101',20,'Open',0,6,'MWF','02:00pm-03:10pm',1),(36441,'EC 301',20,'Open',6,10,'MWF','09:30am-10:40am',2),(36442,'BA 314',163,'Open',0,35,'TH','02:00pm-03:40pm',3),(36443,'DAT200',112,'Open',10,10,'M','06:30pm-07:50pm',46),(36444,'DAT400',20,'Open',23,24,'MWF','08:00am-09:20am',22),(36450,'REL103',167,'Open',18,35,'TH','08:00am-09:15am',71),(36451,'REL103',167,'Open',23,35,'TH','09:30am-10:45am',71),(36452,'REL205',125,'Open',14,25,'MW','03:30pm-04:45pm',46),(36453,'REL225',165,'Closed',26,35,'TH','09:30am-10:45am',57),(36454,'REL290',166,'Open',10,10,'MWF','12:30pm-01:45pm',66),(36455,'REL471',165,'Open',2,35,' ','By Arrangement',92),(36456,'REL498',166,'Open',0,18,' ','By Arrangement',92),(36457,'REL287',41,'Open',4,5,'MW','09:30am-10:45am',65),(36458,'REL370',161,'Open',9,24,'TH','11:00am-12:20pm',65),(36459,'REL392',166,'Open',13,24,'MW','02:00pm-03:15pm',62),(36460,'PHS370',49,'Open',9,18,'TH','11:00am-12:20pm',65),(36464,'PE 100',168,'Closed',5,14,'TH','06:30pm-07:20pm',85),(36465,'PE 120',128,'Open',14,22,'T','05:00pm-06:20pm',85),(36466,'PE 120',151,'Open',0,22,'H','05:00pm-06:20pm',85),(36467,'PE 130',79,'Open',0,20,'MW','02:00pm-02:50pm',36),(36468,'PE 140',31,'Open',21,22,'MW','02:00pm-03:20pm',86),(36469,'PE 140',138,'Open',6,6,'TH','02:00pm-03:20pm',86),(36470,'PE 135',143,'Closed',11,22,'TH','09:30am-10:20am',36),(36471,'PE 175',119,'Open',3,16,'MW','12:30pm-01:20pm',87),(36472,'PE 195',23,'Open',8,16,'TH','12:30pm-01:20pm',87),(36473,'PE 171',50,'Closed',12,12,'TH','02:00pm-02:50pm',34),(36474,'PE 172',66,'Closed',5,5,'TH','04:00pm-04:50pm',79),(36475,'PH 110',155,'Open',8,14,'MW','12:30pm-01:50pm',64),(36476,'PH 115',156,'Closed',19,24,'TH','02:00pm-03:20pm',18),(36477,'PH 255',156,'Open',0,20,'TH','11:00am-12:15pm',6),(36478,'PH 275',158,'Closed',9,20,'TH','02:00pm-03:15pm',71),(36481,'PH 490',155,'Open',22,30,' ','By Arrangement',92),(36482,'PP 521',81,'Open',20,30,'TH','06:00pm-07:20pm',44),(36483,'PP 542',147,'Open',0,24,'W','06:30pm-09:30pm',57),(36484,'PS 342',147,'Open',17,20,'W','06:30pm-09:30pm',57),(36485,'PS 361',18,'Open',18,20,'TH','02:00pm-03:20pm',8),(36486,'PP 561',11,'Open',3,32,'TH','02:00pm-03:20pm',8),(36487,'PP 699',120,'Open',23,32,' ','By Arrangement',92),(36489,'PS 111',139,'Open',0,24,'TH','11:00am-12:20pm',66),(36490,'PS 150',148,'Open',0,35,'MW','12:30pm-01:50pm',55),(36491,'PS 150',148,'Open',4,16,'MW','02:00pm-03:20pm',6),(36492,'PS 170',148,'Open',0,35,'MW','09:30am-10:50am',69),(36493,'PS 205',156,'Open',20,35,'TH','12:30pm-01:50pm',66),(36494,'PS 225',154,'Open',0,35,'MW','09:30am-10:50am',54),(36495,'PS 230',150,'Open',35,35,'MF','02:00pm-03:20pm',44),(36496,'PS 245',154,'Open',35,35,'TH','09:30am-10:50am',55),(36497,'PS 245',154,'Open',3,5,'TH','12:30pm-01:50pm',6),(36498,'PS 302',146,'Open',15,20,'M','06:30pm-07:30pm',57),(36499,'PS 302',146,'Open',17,18,'M','06:30pm-07:30pm',57),(36500,'PS 470',160,'Open',20,20,' ','By Arrangement',92),(36501,'PS 470',92,'Open',29,35,' ','By Arrangement',92),(36502,'PS 492',99,'Open',18,35,' ','By Arrangement',92),(36503,'PS 499',145,'Open',21,35,' ','By Arrangement',92),(36504,'PS 499',142,'Open',18,24,' ','By Arrangement',92),(36505,'PS 499',148,'Open',5,35,' ','By Arrangement',92),(36506,'PS 499',39,'Open',11,20,' ','By Arrangement',92),(36507,'PS 332',154,'Open',14,20,'TH','02:00pm-03:20pm',66),(36510,'PH 370',155,'Open',4,20,'TH','02:00pm-03:20pm',69),(36511,'PS 303',25,'Open',15,18,'TH','09:30am-10:50am',7),(36512,'AN 111',179,'Closed',0,18,'T','09:30am-10:50am',5),(36513,'AN 201',177,'Open',1,20,'WF','12:30pm-01:50pm',7),(36514,'AN 361',179,'Open',0,20,'WF','09:30am-10:50am',9),(36516,'AN 471',95,'Open',5,5,' ','By Arrangement',92),(36517,'SAN331',17,'Open',3,5,'TH','02:00pm-03:20pm',44),(36518,'SO 101',175,'Open',3,5,'TH','08:00am-09:30am',7),(36519,'SO 204',124,'Open',10,16,'TH','11:00am-12:20pm',20),(36520,'SO 217',173,'Open',9,15,'H','06:00pm-08:50pm',55),(36521,'SO 220',175,'Open',5,15,'TH','11:00am-12:20pm',56),(36523,'WGS305',114,'Open',14,15,'WF','02:00pm-03:20pm',20),(36524,'SO 353',178,'Open',0,20,'M','06:30pm-09:15pm',6),(36525,'SO 400',45,'Open',4,16,' ','By Arrangement',92),(36526,'SO 471',76,'Open',27,35,' ','By Arrangement',92),(36527,'SO 317',175,'Open',3,15,'TH','12:30pm-01:50pm',64),(36528,'AN 342',177,'Open',3,12,'WF','09:30am-10:50am',8),(36529,'BIO342',177,'Open',4,5,'WF','09:30am-10:50am',8),(36530,'AN 111',179,'Open',0,18,'T','09:30am-10:50am',5),(36531,'EN 100',85,'Closed',9,35,'MW','12:30pm-01:50pm',41),(36532,'EN 100',85,'Closed',2,18,'MW','02:00pm-03:20pm',41),(36533,'EN 100',9,'Closed',8,18,'TH','12:30pm-01:50pm',54),(36534,'EN 100',87,'Open',0,16,'TH','02:00pm-03:20pm',41),(36535,'EN 100',87,'Open',10,16,'TH','03:30pm-04:50pm',41),(36536,'EN 100',16,'Open',4,18,'TH','09:30am-10:50am',44),(36537,'EN 100',75,'Closed',2,16,'TH','11:00am-12:20pm',44),(36538,'EN 104',82,'Open',7,16,'TH','09:30am-10:50am',56),(36539,'EN 150',144,'Open',11,18,'TH','11:00am-12:20pm',54),(36540,'EN 185',85,'Open',4,12,'TH','11:00am-12:20pm',41),(36541,'EN 200',8,'Open',4,5,'WF','09:30am-10:50am',57),(36542,'EN 220',89,'Open',13,35,'MF','11:00am-12:20pm',58),(36543,'EN 230',122,'Open',0,24,'WF','12:30pm-01:50pm',57),(36544,'EN 240',91,'Open',17,18,'MW','09:30am-10:50am',59),(36545,'EN 245',92,'Closed',0,18,'TH','11:00am-12:20pm',57),(36546,'EN 245',92,'Closed',7,16,'TH','12:30pm-01:50pm',57),(36547,'EN 251',91,'Open',3,12,'TH','09:30am-10:50am',54),(36548,'EN 280',92,'Open',21,35,'W','02:00pm-04:30pm',92),(36549,'EN 281',8,'Closed',17,25,'MF','02:00pm-03:20pm',59),(36550,'EN 281',83,'Closed',11,25,'MF','12:30pm-01:50pm',14),(36552,'EN 474',93,'Open',3,12,' ','By Arrangement',92),(36553,'EN 499',82,'Open',20,20,' ','By Arrangement',92),(36554,'EN 499',90,'Open',0,18,' ','By Arrangement',92),(36556,'LAT112',83,'Open',7,15,'MWF','02:00pm-03:20pm',64),(36558,'HEN102',89,'Open',8,15,'MF','09:30am-10:50am',41),(36559,'HEN105',82,'Open',4,15,'TH','12:30pm-01:50pm',56),(36560,'EN 381',161,'Closed',8,12,'MF','11:00am-12:20pm',92),(36561,'EN 440',91,'Open',15,20,'TH','12:30pm-01:50pm',58),(36562,'EN 288',90,'Closed',14,25,'TH','02:00pm-03:20pm',46),(36563,'EN 319',119,'Open',4,5,'WF','02:00pm-03:20pm',57),(36564,'CW 386',90,'Open',9,10,'W','05:00pm-08:00pm',41),(36565,'EN 103',89,'Open',3,20,'MF','02:00pm-03:20pm',55),(36566,'EN 171',83,'Open',12,12,'MWF','09:30am-10:50am',4),(36569,'PHS201',164,'Open',0,31,'TH','02:00pm-02:50pm',92),(36577,'IC 203',158,'Closed',0,20,'W','03:30pm-06:20pm',5),(36581,'COM210',44,'Open',4,24,'TH','09:30am-10:50am',13),(36582,'REL331',165,'Open',5,15,'TH','02:00pm-03:15pm',62),(36583,'REL214',165,'Open',25,25,'To','',92),(36584,'BIO492',160,'Open',6,35,' ','By Arrangement',92),(36588,'EN 170',118,'Open',6,16,'MW','03:30pm-04:50pm',56),(36622,'FBE385',154,'Open',0,5,'TH','02:00pm-03:20pm',59),(36625,'EGR230',51,'Open',23,25,'MWF','02:00pm-03:20pm',19),(36626,'EGR492',51,'Open',9,28,' ','By Arrangement',92),(36628,'OT 332',138,'Open',28,35,'W','08:00am-05:00pm',92),(36629,'OT 434',138,'Open',33,35,'F','08:00am-05:00pm',92),(36630,'SP 496',118,'Open',0,30,' ','By Arrangement',92),(36631,'SP 497',118,'Open',3,12,' ','By Arrangement',92),(36632,'SP 496',123,'Open',11,30,' ','By Arrangement',92),(36633,'ART240',119,'Open',2,10,'MW','12:30pm-01:40pm',1),(36635,'CH 402',37,'Open',6,24,'MWF','08:00am-08:50am',33),(36636,'SO 305',50,'Open',0,15,'WF','02:00pm-03:20pm',20),(36637,'SO 370',174,'Open',10,18,'T','06:30pm-08:45pm',55),(36648,'CSC462',158,'Open',0,18,'TH','12:30pm-01:45pm',28),(36650,'ART401',51,'Open',21,25,'T','05:00pm-09:00pm',12),(36652,'SW 345',170,'Open',6,18,'W','10:00am-10:50am',58),(36653,'ART370',51,'Open',15,25,'W','04:00pm-06:30pm',3),(36654,'ART403',44,'Open',20,25,'MW','12:30pm-01:45pm',15),(36655,'AN 363',177,'Open',0,20,'TH','11:00am-12:20pm',10),(36678,'COM170',41,'Open',4,16,'W','12:30pm-01:50pm',14),(36696,'EN 285',90,'Open',14,25,'WF','12:30pm-01:50pm',20),(36837,'ED 400',65,'Open',6,10,' ','By Arrangement',92),(36841,'BA 370',21,'Open',0,35,' ','By Arrangement',92),(36843,'ART320',142,'Closed',12,25,'MW','09:30am-12:20pm',12),(36845,'PH 371',155,'Open',16,35,'TH','09:30am-10:50am',58),(36850,'MA 400',110,'Open',20,20,' ','By Arrangement',92),(36851,'BIO492',10,'Open',6,35,' ','By Arrangement',92),(36852,'BA 400',18,'Closed',11,30,' ','By Arrangement',92),(36853,'BA 400',26,'Open',12,18,' ','By Arrangement',92),(36854,'BA 400',16,'Open',21,24,' ','By Arrangement',92),(36855,'BA 400',25,'Open',6,15,' ','By Arrangement',92),(36856,'ART400',58,'Open',23,25,' ','By Arrangement',92),(36857,'COM499',41,'Open',2,6,' ','By Arrangement',92),(36859,'EN 306',93,'Open',13,24,'TH','02:00pm-03:20pm',49),(36860,'MA 400',111,'Open',25,25,' ','By Arrangement',92),(36861,'HI 400',58,'Closed',6,24,' ','By Arrangement',92),(36865,'ED 400',53,'Open',9,12,' ','By Arrangement',92),(36866,'OT 494',145,'Open',4,5,' ','By Arrangement',92),(36867,'OT 494',133,'Open',5,5,' ','By Arrangement',92),(36868,'OT 494',76,'Open',0,21,' ','By Arrangement',92),(36869,'BA 271',24,'Open',12,30,'01/14/2019','',92),(36872,'EGR280',51,'Open',30,35,' ','By Arrangement',92),(36873,'CS 113',48,'Open',2,6,'TH','09:30am-11:10am',43),(36880,'ART120',8,'Open',12,15,'T','05:00pm-09:00pm',12),(36900,'EN 499',93,'Open',18,65,' ','By Arrangement',92),(36901,'EN 499',89,'Open',9,25,' ','By Arrangement',92),(36906,'EGR280',74,'Open',24,24,' ','By Arrangement',92),(36909,'OT 590',131,'Open',9,14,' ','By Arrangement',92),(36910,'OT 590',133,'Open',23,35,' ','By Arrangement',92),(36911,'OT 590',133,'Open',22,35,' ','By Arrangement',92),(36912,'OT 590',134,'Open',14,20,' ','By Arrangement',92),(36913,'OT 590',136,'Open',0,18,' ','By Arrangement',92),(36917,'DAT315',112,'Open',24,24,'MW','09:30am-10:50am',20),(36918,'MA 222',112,'Open',0,18,'MTHF','03:30pm-04:30pm',53),(36920,'OT 592',128,'Open',5,35,' ','By Arrangement',92);
/*!40000 ALTER TABLE `Class` ENABLE KEYS */;
UNLOCK TABLES;

--
-- Table structure for table `Course`
--

DROP TABLE IF EXISTS `Course`;
/*!40101 SET @saved_cs_client     = @@character_set_client */;
/*!40101 SET character_set_client = utf8 */;
CREATE TABLE `Course` (
  `idCourse` varchar(16) NOT NULL,
  `courseName` varchar(128) DEFAULT NULL,
  `courseExt` varchar(45) DEFAULT NULL,
  `credits` int(11) DEFAULT NULL,
  `idDepartment` int(11) DEFAULT NULL,
  PRIMARY KEY (`idCourse`),
  KEY `deptID_idx` (`idDepartment`),
  KEY `idDept_idx` (`idDepartment`),
  CONSTRAINT `deptID` FOREIGN KEY (`idDepartment`) REFERENCES `Department` (`idDep`) ON DELETE NO ACTION ON UPDATE NO ACTION
) ENGINE=InnoDB DEFAULT CHARSET=latin1;
/*!40101 SET character_set_client = @saved_cs_client */;

--
-- Dumping data for table `Course`
--

LOCK TABLES `Course` WRITE;
/*!40000 ALTER TABLE `Course` DISABLE KEYS */;
INSERT INTO `Course` VALUES ('AC 101','INTRODUCTION TO ACCOUNTING',' -BU - -',4,2),('AC 206','INTERMEDIATE ACCOUNTING II',' -BU - -',4,2),('AC 270','COST MANAGEMENT ACCOUNTING',' -BU - -',4,2),('AC 302','ADVANCED STUDIES IN TAXATION',' -BU - -',4,2),('AC 304','FORENSIC ACCOUNTING',' -BU - -',4,2),('AC 405','AUDITING',' -BU - -',4,2),('AC 471','INTERNSHIP IN ACCOUNTING',' -BU - -',4,2),('AC 474','VOLUNTEER INCOME TAX ASSISTANCE PROGRAM',' -BU - -',2,2),('AN 111','NCH UNDERSTANDING HUMAN CULTURES',' -5NCH-C-',4,24),('AN 201','NPS PRINCIPLES OF BIOLOGICAL ANTHROPOLOGY',' -6NPS-C-',4,24),('AN 342','PRIMATES (BIO 342)',' -SO - -',4,24),('AN 361','ARCHEOLOGY AND GEOGRAPHY',' -SO - -',4,24),('AN 363','FORENSIC ANTHROPOLOGY',' -SO - -',4,24),('AN 471','INTERNSHIP IN ANTHROPOLOGY',' -SO - -',4,24),('ART105','CE DRAWING I',' -3CE -C-',4,12),('ART120','CE SCULPTURE I',' -3CE -C-',4,12),('ART145','CE DIGITAL PHOTOGRAPHY (COM 145)',' -3CE -C-',4,12),('ART157','WCH INTRODUCTION TO THE HISTORY OF ART II',' -4WCH-C-',4,12),('ART205','PAINTING I',' -FP - -',4,12),('ART206','CERAMICS II',' -FP - -',4,12),('ART209','TYPOGRAPHY AND TEXT DESIGN',' -FP - -',4,12),('ART210','DRAWING II',' -FP - -',4,12),('ART240','NCH HISTORY OF JAPANESE ART AND AESTHETICS (JA 240)',' -5NCH-C-',4,12),('ART251','PRINTMAKING I',' -FP - -',4,12),('ART280','NCH WORLD ARCHITECTURE',' -5NCH-C-',4,12),('ART305','PAINTING II',' -FP - -',4,12),('ART320','SCULPTURE II',' -FP - -',4,12),('ART325','DESIGNING FOR THE WEB AND SOCIAL MEDIA',' -FP - -',4,12),('ART352','PRINTMAKING II',' -FP - -',4,12),('ART370','ARCHITECTURAL DESIGN THEORY',' -FP - -',3,12),('ART400','HONORS IN THE DISCIPLINE',' -FP - -',2,12),('ART401','ADVANCED STUDIES IN CERAMICS',' -FP - -',4,12),('ART402','ADVANCED STUDIES IN DRAWING',' -FP - -',4,12),('ART403','ADVANCED STUDIES IN PAINTING',' -FP - -',4,12),('ART406','ADVANCED DIGITAL ARTS',' -FP - -',4,12),('ART470','INTERNSHIP IN FINE ARTS',' -FP - -',4,12),('ART491','SENIOR EXHIBITION',' -FP - -',2,12),('ART499','ARCHITECTURAL DESIGN STUDIO I (EGR 499A)',' -FP - -',2,12),('ASL105','PLO AMERICAN SIGN LANGUAGE',' -2PLO-C-',4,18),('BA 101','BUSINESS AND SOCIETY',' -BU - -',4,2),('BA 105','MANAGERIAL COMMUNICATION AND STUDENT CAREER PREPAREDNESS',' -BU - -',1,2),('BA 197','INTRODUCTION TO INTERNATIONAL BUSINESS',' -BU - -',4,2),('BA 215','PRINCIPLES OF MARKETING',' -BU - -',4,2),('BA 248','QUANTITATIVE METHODS/OPERATIONS MANAGEMENT (EGR 248)',' -BU - -',4,2),('BA 257','EXPORTING AND IMPORTING',' -BU - -',2,2),('BA 258','GLOBAL BUSINESS NEGOTIATIONS',' -BU - -',2,2),('BA 265','MANAGEMENT AND ORGANIZATIONAL BEHAVIOR',' -BU - -',4,2),('BA 271','STRATEGIC MANAGERIAL DECISION- MAKING AND CRITICAL ANALYSIS II',' -BU - -',2,2),('BA 314','SALES AND SALES MANAGEMENT',' -BU - -',4,2),('BA 330','LEGAL ENVIRONMENT OF BUSINESS',' -BU - -',4,2),('BA 347','GLOBAL SUPPLY CHAIN MANAGEMENT (EGR 347)',' -BU - -',4,2),('BA 370','INTERNSHIP/CO-OP',' -BU - -',12,2),('BA 400','SENIOR PROJECT IN BUSINESS',' -BU - -',4,2),('BA 473','INTERNSHIP IN BUSINESS',' -BU - -',3,2),('BA 475','BUSINESS CO-OPERATIVE FELLOWSHIP',' -BU - -',0,2),('BA 490','ARTS ADMINISTRATION STRATEGY (FPA 490)',' -BU - -',2,2),('BA 495','BUSINESS POLICY AND CORPORATE STRATEGY',' -BU - -',4,2),('BA 497','INTERNATIONAL BUSINESS SEMINAR',' -BU - -',4,2),('BA 499','SEMINAR IN MANAGEMENT',' -BU - -',4,2),('BIO103','NPS LIVING WITH THE ENVIRONMENT',' -6NPS-C-',4,1),('BIO111','MOLECULES, CELLS, & ANIMAL SYSTEMS',' -BI - -',4,1),('BIO112','PRINCIPLES OF EVOLUTION, ECOLOGY, AND DIVERSITY OF LIFE',' -BI - -',4,1),('BIO202','HUMAN ANATOMY AND PHYSIOLOGY II',' -BI - -',4,1),('BIO212','CELL BIOLOGY',' -BI - -',3,1),('BIO225','GEOGRAPHIC INFORMATION SYSTEMS: FUNDAMENTALS AND APPLICATIONS',' -BI - -',4,1),('BIO235','GENERAL MICROBIOLOGY',' -BI - -',4,1),('BIO274','BIOLOGICAL INTERNSHIP',' -BI - -',0,1),('BIO322','IMMUNOLOGY',' -BI - -',3,1),('BIO324','GENERAL PHYSIOLOGY',' -BI - -',3,1),('BIO342','PRIMATES (AN 342)',' -BI - -',4,1),('BIO362','ECOTOXICOLOGY',' -BI - -',4,1),('BIO412','SEMINAR IN BIOLOGY',' -BI - -',1,1),('BIO474','INTERNSHIP IN BIOLOGICAL SCIENCES',' -BI - -',0,1),('BIO492','RESEARCH IN BIOLOGY',' -BI - -',0,1),('CH 105','NPS FUNDAMENTALS OF CHEMISTRY: INTRODUCTION TO MOLECULAR SCIENCE',' -6NPS-C-',4,3),('CH 109','NPS INTRODUCTION TO FORENSIC SCIENCE',' -6NPS-C-',4,3),('CH 110','NPS FORENSIC SCIENCE LABORATORY',' -6NPS- -',2,3),('CH 113','ORGANIC CHEMISTRY I',' -CH - -',4,3),('CH 214','CHEMICAL INSTRUMENTATION',' -CH - -',4,3),('CH 242','PHYSICAL INORGANIC CHEMISTRY',' -CH - -',4,3),('CH 292','INDEPENDENT RESEARCH IN CHEMISTRY',' -CH - -',1,3),('CH 324','BIOCHEMISTRY II',' -CH - -',3,3),('CH 362','CHEMISTRY SEMINAR II',' -CH - -',1,3),('CH 402','ADVANCED INORGANIC CHEMISTRY',' -CH - -',3,3),('CH 456','INTEGRATED CHEMISTRY LABORATORY II',' -CH - -',1,3),('CH 462','CHEMISTRY SEMINAR IV',' -CH - -',1,3),('CH 492','RESEARCH IN CHEMISTRY',' -CH - -',2,3),('COM120','INTRO TO COMMUNICATION',' -CM - -',4,5),('COM130','VISUAL COMMUNICATIONS',' -CM - -',4,5),('COM145','CE DIGITAL PHOTOGRAPHY (ART 145)',' -3CE -C-',4,5),('COM170','FACE-TO-FACE COMMUNICATION IN A DIGITAL WORLD',' -CM - -',2,5),('COM210','PRESENTATION SKILLS',' -CM - -',4,5),('COM211','MULTIMEDIA JOURNALISM',' -CM - -',4,5),('COM220','AUDIO PRODUCTION',' -CM - -',4,5),('COM248','COMMUNICATION LAW AND ETHICS',' -CM - -',4,5),('COM261','FILM STUDIES',' -CM - -',4,5),('COM314','MAGAZINE PRODUCTION',' -CM - -',4,5),('COM330','COMMUNICATION RESEARCH METHODS',' -CM - -',4,5),('COM333','ORGANIZATIONAL COMMUNICATION',' -CM - -',4,5),('COM358','MARKETING COMMUNICATIONS',' -CM - -',4,5),('COM370','MEDIA, SPORTS, AND SOCIETY',' -CM - -',4,5),('COM371','PHOTOJOURNALISM',' -CM - -',4,5),('COM410','ADVANCED PRODUCTION',' -CM - -',4,5),('COM471','PRACTICUM',' -CM - -',1,5),('COM485','COMMUNICATIONS CAPSTONE',' -CM - -',4,5),('COM499','HONORS IN THE DISCIPLINE II',' -CM - -',2,5),('CS 113','NPS THE POWER AND BEAUTY OF COMPUTING',' -6NPS-C-',4,6),('CS 121','COMPUTER SCIENCE I',' -CS - -',4,6),('CS 122','COMPUTER SCIENCE II',' -CS - -',4,6),('CS 222','SYSTEMS PROGRAMMING (EGR 222)',' -CS - -',4,6),('CS 230','MICROCOMPUTER ARCHITECTURE (EGR 230)',' -CS - -',4,6),('CS 322','ALGORITHMS',' -CS - -',4,6),('CS 333','DIGITAL CIRCUITS AND COMPUTER INTERFACING (EGR 333)',' -CS - -',4,6),('CS 341','SOFTWARE ENGINEERING',' -CS - -',4,6),('CS 342','COMPUTER NETWORKING',' -CS - -',4,6),('CS 422','OPERATING SYSTEMS (EGR 422)',' -CS - -',4,6),('CS 471','INTERNSHIP IN COMPUTING',' -CS - -',4,6),('CS 490','PROJECTS IN COMPUTING',' -CS - -',4,6),('CS 495','HONORS PROJECTS IN COMPUTING',' -CS - -',4,6),('CSC462','COGNITIVE SCIENCE CAPSTONE',' -CSC - -',4,4),('CW 386','WORD, WEB, AND DESIGN',' -CW - -',4,7),('DA 101','CE INTRODUCTION TO MODERN DANCE',' -3CE -C-',2,12),('DA 103','CE INTRODUCTION TO JAZZ DANCE',' -3CE -C-',2,12),('DA 202','CE BALLET II',' -3CE -C-',2,12),('DAT200','DATA ANALYTICS I',' -DAT - -',2,8),('DAT315','MACHINE LEARNING',' -DAT - -',2,8),('DAT400','DATA ANALYTICS CAPSTONE',' -DAT - -',4,8),('DS 200','INTRODUCTION TO DATA SCIENCE',' -CS - -',4,6),('EC 101','SSC PRINCIPLES OF MACROECONOMICS',' -7SSC-C-',4,2),('EC 102','SSC PRINCIPLES OF MICROECONOMICS',' -7SSC-C-',4,2),('EC 280','INTERNATIONAL ORGANIZATIONS SEMINAR',' -BU - -',2,2),('EC 301','INTERMEDIATE MICROECONOMICS',' -BU - -',4,2),('EC 309','INTRODUCTION TO MATHEMATICAL ECONOMICS',' -BU - -',4,2),('ED 105','FOUNDATIONS OF TEACHING AND LEARNING',' -ED - -',4,9),('ED 150','EARLY CHILDHOOD DEVELOPMENT',' -ED - -',4,9),('ED 151','EARLY ADOLESCENT/ADOLESCENT DEVELOPMENT',' -ED - -',4,9),('ED 161','INTEGRATED TECHNOLOGY I',' -ED - -',2,9),('ED 212','CHILDREN/ADOLESCENT LITERATURE',' -ED - -',2,9),('ED 224','PA HISTORY & GOVERNMENT FOR SOCIAL STUDIES EDUCATORS (HI 224)',' -ED - -',4,9),('ED 250','LANGUAGE AND LITERACY DEVELOPMENT IN EARLY CHILDHOOD',' -ED - -',4,9),('ED 258','EDUCATIONAL ASSESSMENT AND EVALUATION',' -ED - -',4,9),('ED 317','ASSESSING STUDENT LITERACIES IN GRADES PK-8',' -ED - -',4,9),('ED 325','METHODS FOR TEACHING SCIENCE AND HEALTH IN EARLY CHILDHOOD',' -ED - -',4,9),('ED 326','METHODS FOR TEACHING SCIENCE AND HEALTH IN ELEMENTARY/MIDDLE LEVEL',' -ED - -',4,9),('ED 335','METHODS FOR TEACHING MATHEMATICS IN EARLY CHILDHOOD',' -ED - -',4,9),('ED 336','METHODS FOR TEACHING MATHEMATICS IN ELEMENTARY/MIDDLE LEVEL',' -ED - -',4,9),('ED 341','ELL: LINGUISTIC AND CULTURAL DIVERSITY IN THE CLASSROOM',' -ED - -',4,9),('ED 345','METHODS FOR TEACHING READING AND WRITING IN EARLY CHILDHOOD',' -ED - -',4,9),('ED 346','METHODS FOR TEACHING READING AND WRITING IN ELEMENTARY/MIDDLE LEVEL',' -ED - -',4,9),('ED 360','INTEGRATED STRATEGIES FOR CREATIVE EXPRESSION IN EARLY CHILDHOOD',' -ED - -',4,9),('ED 365','METHODS FOR TEACHING SOCIAL STUDIES IN EARLY CHILDHOOD',' -ED - -',4,9),('ED 366','METHODS FOR TEACHING SOCIAL STUDIES IN ELEMENTARY/MIDDLE LEVEL',' -ED - -',4,9),('ED 400','SENIOR PROJECT IN EDUCATION',' -ED - -',2,9),('ED 470','PROFESSIONAL INTERNSHIP: ERLY CHLD',' -ED - -',12,9),('ED 495','SENIOR SEMINAR FOR EARLY CHILDHOOD',' -ED - -',4,9),('ED 496','SENIOR SEMINAR FOR ELEMENTARY/ MIDDLE LEVEL',' -ED - -',4,9),('ED 497','SENIOR SEMINAR FOR SECONDARY EDUCATION',' -ED - -',4,9),('EGR192','INTRODUCTION TO ENGINEERING II',' -PY - -',2,10),('EGR222','SYSTEMS PROGRAMMING (CS 222)',' -PY - -',4,10),('EGR230','MICROCOMPUTER ARCHITECTURE (CS 230)',' -PY - -',4,10),('EGR248','QUANTITATIVE METHODS/OPERATIONS MANAGEMENT (BA 248)',' -PY - -',4,10),('EGR256','ENVIRONMENTAL SITE AND ENGINEERING DESIGN',' -PY - -',3,10),('EGR280','ENGINEERING RESEARCH/PROJECT',' -PY - -',0,10),('EGR291','SOPHOMORE PROJECT',' -PY - -',1,10),('EGR311','ELECTRONICS',' -PY - -',4,10),('EGR312','ELECTROMAGNETISM (PHY 312)',' -PY - -',3,10),('EGR333','DIGITAL CIRCUITS AND COMPUTER INTERFACING (CS 333)',' -PY - -',4,10),('EGR347','GLOBAL SUPPLY CHAIN MANAGEMENT (BA 347)',' -PY - -',4,10),('EGR364','STRUCTURAL ENGINEERING',' -PY - -',3,10),('EGR368','FLUID MECHANICS AND HYDROLOGY',' -PY - -',3,10),('EGR391','ENGINEERING DESIGN AND JUNIOR PROJECT',' -PY - -',2,10),('EGR396','SPRING SEMINAR',' -PY - -',1,10),('EGR410','CONTROL SYSTEMS',' -PY - -',4,10),('EGR422','OPERATING SYSTEMS (CS 422)',' -PY - -',4,10),('EGR463','ANALYTICAL MECHANICS AND VIBRATIONS',' -PY - -',3,10),('EGR492','SENIOR PROJECT IN ENGINEERING II',' -PY - -',2,10),('EGR499','ARCHITECTURAL DESIGN STUDIO I (ART 499A)',' -PY - -',2,10),('EN 100','PLE WRITING AND LANGUAGE',' -1PLE-C-',4,11),('EN 103','NCH LITERARY CULTURE OF THE EAST: ARAB AND ISRAELI FILM AND POETRY',' -5NCH-C-',4,11),('EN 104','HUM INTRODUCTION TO LITERATURE: TRAGEDY AND CHOICE',' -9HUM-C-',4,11),('EN 150','PLE ADVANCED WRITING AND LANGUAGE',' -1PLE-C-',4,11),('EN 170','CE \'CONFESSIONALISM\' IN AMERICAN LITERATURE AND POP CULTURE',' -3CE - -',4,11),('EN 171','SSC CLASSICAL MYTHOLOGY AND ITS SOCIAL IMPACT:PAST PRESENT & FUTURE',' -7SSC- -',4,11),('EN 185','INTRODUCTION TO PROFESSIONAL WRITING',' -EN - -',4,11),('EN 200','MAJOR BRITISH WRITERS: BRITISH LOVE LITERATURE, 1660 - TODAY',' -EN - -',4,11),('EN 220','WCH BRITISH LITERATURE: RENAISSANCE WOMEN & MEN',' -4WCH-C-',4,11),('EN 230','WCH BRITISH ROMANTICISM 1770-1835: THE NATURE OF REVOLUTION',' -4WCH-C-',4,11),('EN 240','WCH AMERICAN LITERATURE: GENDER, RACE AND MONEY',' -4WCH-C-',4,11),('EN 245','HUM GROWING UP IN AMERICA',' -9HUM-C-',4,11),('EN 251','HUM MULTICULTURAL LITERATURE',' -9HUM-C-',4,11),('EN 280','CREATIVE WRITING - POETRY, PROSE',' -EN - -',4,11),('EN 281','CE WRITING AND ANALYZING THE SHORT STORY',' -3CE -C-',4,11),('EN 285','BUSINESS AND PUBLIC RELATIONS WRITING',' -EN - -',4,11),('EN 288','CE YOUNG ADULT LITERATURE',' -3CE -C-',4,11),('EN 306','METHODS SEMINAR IN TEACHING LANGUAGE AND COMPOSITION',' -EN - -',4,11),('EN 319','MYSTERIOUS & ALTERED STATES IN BRIT ROM LIT',' -EN - -',4,11),('EN 381','ADVANCED FICTION WRITING',' -EN - -',4,11),('EN 440','AMERICAN AUTHORS: MORRISON AND WILSON',' -EN - -',4,11),('EN 474','INTERNSHIP IN ENGLISH',' -EN - -',4,11),('EN 499','DIRECTED SENIOR RESEARCH PROJECT II',' -EN - -',2,11),('ES 114','NPS GEOSYSTEMS: LANDSCAPES, OCEANS AND ATMOSPHERE',' -6NPS-C-',4,10),('ESL111','ENGLISH AS A SECOND LANGUAGE AND AMERICAN CULTURE',' -ML - -',4,10),('ESL112','ENGLISH AS A SECOND LANGUAGE II',' -ML - -',4,10),('FBE384','THE FAMILY AS ENTREPRENEUR',' -BU - -',4,2),('FBE385','NEW VENTURE CREATION',' -BU - -',4,2),('FBE450','ENTREPRENEURSHIP IN EMERGING ECONOMY',' -BU - -',4,2),('FBE494','FAMILY BUSINESS GOVERNANCE AND SUCCESSION PLANNING',' -BU - -',4,2),('FIN325','CORPORATE FINANCE',' -BU - -',4,2),('FIN425','ADVANCED FINANCIAL MANAGEMENT',' -BU - -',4,2),('FIN426','STUDENT MANAGED INVESTMENT PORTFOLIO',' -BU - -',2,2),('FPA490','ARTS ADMINISTRATION STRATEGY (BA 490)',' -FP - -',2,2),('FR 111','PLO ELEMENTARY FRENCH I',' -2PLO-C-',4,17),('FR 112','PLO ELEMENTARY FRENCH II',' -2PLO-C-',4,17),('FR 212','PLO INTERMEDIATE FRENCH II',' -2PLO-C-',4,17),('FR 323','INTRODUCTION TO LITERATURE',' -ML - -',4,17),('FR 497','FRENCH SENIOR RESEARCH PROJECT II',' -ML - -',2,17),('GER112','PLO ELEMENTARY GERMAN II',' -2PLO-C-',4,17),('GER212','PLO INTERMEDIATE GERMAN II',' -2PLO-C-',4,17),('GER370','ADVANCED GRAMMAR AND COMPOSITION',' -ML - -',4,17),('HEN102','HNR WCH WESTERN LITERARY HERITAGE: SHAKESPEARE IN FILM',' -4WCH-H-',4,11),('HEN105','HUM HNR UTOPIAN AND DYSTOPIAN LITERATURE',' -9HUM-H-',4,11),('HI 102','HUM UNITED STATES HISTORY SINCE 1877',' -9HUM-C-',4,14),('HI 115','WCH WESTERN CIVILIZATION II',' -4WCH-C-',4,14),('HI 224','PA HISTORY & GOVERMENT FOR SOCIAL STUDIES EDUCATORS (ED 224)',' -HI - -',4,14),('HI 318','GREATER CHINA',' -HI - -',4,14),('HI 321','NORTH AFRICA IN MODERN TIMES',' -HI - -',4,14),('HI 324','EMPIRE AND NATION IN EASTERN EUROPE',' -HI - -',4,14),('HI 325','THE BEATLES: A CULTURAL HISTORY',' -HI - -',4,14),('HI 330','STUDIES IN U.S. HISTORY: THE AMERICAN TRANSCENDENTALISTS',' -HI - -',4,14),('HI 400','SENIOR HONORS PROJECT',' -HI - -',4,14),('HMA275','HNR CE MATHEMATICS IN MUSIC',' -3CE -H-',4,16),('HPC125','HNR NPS INTRODUCTION TO NEUROSCIENCE',' -6NPS-H-',4,21),('IC 201','NPS/CE ECOLOGY AND SHORT FICTION',' -10IC-C-',4,15),('IC 202','HUM/WCH VISUALIZING WOMEN IN 19TH- CENTURY WESTERN ART AND LITERATURE',' -10IC-C-',4,15),('IC 203','NPS/WCH FOUNDATIONS OF MODERN PHYSICS',' -10IC-C-',4,15),('IC 204','CE/HUM ARTISTIC PEACEBUILDING',' -10IC- -',4,15),('JA 112','PLO FIRST YEAR JAPANESE 2',' -2PLO-C-',4,17),('JA 212','PLO SECOND YEAR JAPANESE 2',' -2PLO-C-',4,17),('JA 240','NCH HISTORY OF JAPANESE ART AND AESTHETICS (ART 240)',' -5NCH-C-',4,17),('JA 245','NCH FROM ANIME TO ZEN: JAPANESE SOCIETY, BUSINESS, AND CULTURE',' -5NCH-C-',4,17),('JA 312','THIRD YEAR JAPANESE 2',' -ML - -',4,17),('JA 412','FOURTH YEAR JAPANESE 2',' -ML - -',4,17),('JA 497','JAPANESE SENIOR RESEARCH PROJECT II',' -ML - -',2,17),('LAT112','PLO ELEMENTARY LATIN 2',' -2PLO-C-',4,11),('MA 121','MA CALCULUS I',' -8MA -C-',4,16),('MA 122','CALCULUS II',' -MA - -',4,16),('MA 205','MATHEMATICS FOR ELEMENTARY TEACHERS',' -MA - -',4,16),('MA 222','CALCULUS III',' -MA - -',4,16),('MA 235','INTRODUCTION TO MATHEMATICAL PROOFS',' -MA - -',4,16),('MA 251','MA PROBABILITY AND STATISTICS',' -8MA -C-',4,16),('MA 252','STATISTICAL METHODS IN RESEARCH',' -MA - -',4,16),('MA 262','FINANCIAL MATHEMATICS WITH EXCEL',' -MA - -',2,16),('MA 321','DIFFERENTIAL EQUATIONS',' -MA - -',4,16),('MA 355','PROBLEM SOLVING IN ACTUARIAL SCIENCE',' -MA - -',2,16),('MA 400','SENIOR PROJECT',' -MA - -',4,16),('MA 425','COMPLEX VARIABLES',' -MA - -',4,16),('MA 458','LONG TERM ACTUARIAL MATHEMATICS',' -MA - -',4,16),('MCI530','BUILDING SOCIAL AND COMMUNITY CAPACITY',' -ED - -',3,9),('MCI535','CURRENT ISSUES &TRENDS IN ASSESSMNT IN SPECIAL & APPLIED STATASTICS',' -ED - -',3,9),('MCI590','THE GRADUATE RESEARCH SEMINAR',' -ED - -',6,9),('MSE512','LEARNING ENVIRONMENT AND SOCIAL INTRCTN IN INCLSV STGS (SED 212)',' -ED - -',4,9),('MSE522','FOUNDATIONS OF INCLUSIVE EDUCATION (SED 222)',' -ED - -',4,9),('MSE524','METHODS OF TEACHING STUDENTS WITH HIGH INCIDENCE DISABLTIES (SED 224)',' -ED - -',4,9),('MSE530','METHODS OF TEACHING STUDENTS W/ LOW INCIDENCE DISABILITIES (SED 230)',' -ED - -',4,9),('MSE590','GRADUATE RESEARCH SEMINAR',' -ED - -',4,9),('MU 100','REPERTOIRE CLASS',' -FP - -',0,12),('MU 102','THEORY II',' -FP - -',2,12),('MU 104','AURAL SKILLS II',' -FP - -',1,12),('MU 111','VOICE CLASS',' -FP - -',1,12),('MU 118','FUNCTIONAL KEYBOARD SKILLS II',' -FP - -',1,12),('MU 119','GUITAR CLASS I',' -FP - -',1,12),('MU 125','WCH AMERICAN POPULAR MUSIC FROM RAGTIME TO ROCK',' -4WCH-C-',4,12),('MU 130','SURVEY OF MUSIC EDUCATION',' -FP - -',1,12),('MU 150','PROFESSIONAL SEMINAR',' -FP - -',1,12),('MU 152','MUSIC THERAPY AND CLINICAL POPULATIONS',' -FP - -',2,12),('MU 202','THEORY IV',' -FP - -',2,12),('MU 204','AURAL SKILLS IV',' -FP - -',1,12),('MU 205','NCH WORLD MUSIC',' -5NCH-C-',4,12),('MU 212','MUSIC HISTORY: 1850 TO THE PRESENT',' -FP - -',4,12),('MU 218','FUNCTIONAL KEYBOARD SKILLS IV',' -FP - -',1,12),('MU 231','BRASS CLASS',' -FP - -',1,12),('MU 236','PERCUSSION FOR MUSIC THERAPY',' -FP - -',1,12),('MU 253','MUSIC THERAPY METHODS AND TECHNIQUES II',' -FP - -',3,12),('MU 254','PRACTICAL EXPERIENCES I: MUSIC THERAPY',' -FP - -',1,12),('MU 268','CE VOICE',' -3CE -C-',1,12),('MU 269','CE PIANO',' -3CE -C-',1,12),('MU 270','CE ORGAN',' -3CE -C-',1,12),('MU 271','CE VIOLIN',' -3CE -C-',1,12),('MU 272','CE VIOLA',' -3CE -C-',1,12),('MU 273','CE CELLO',' -3CE -C-',1,12),('MU 274','CE STRING BASS',' -3CE -C-',1,12),('MU 275','CE GUITAR',' -3CE -C-',1,12),('MU 276','CE FLUTE',' -3CE -C-',1,12),('MU 277','CE CLARINET',' -3CE -C-',1,12),('MU 278','CE OBOE',' -3CE -C-',1,12),('MU 279','CE BASSOON',' -3CE -C-',1,12),('MU 280','CE SAXOPHONE',' -3CE -C-',1,12),('MU 281','CE TRUMPET',' -3CE -C-',1,12),('MU 282','CE FRENCH HORN',' -3CE -C-',1,12),('MU 283','CE TROMBONE',' -3CE -C-',1,12),('MU 284','CE EUPHONIUM',' -3CE -C-',1,12),('MU 285','CE TUBA',' -3CE -C-',1,12),('MU 286','CE PERCUSSION',' -3CE -C-',1,12),('MU 322','CONDUCTING II',' -FP - -',2,12),('MU 330','GENERAL MUSIC METHODS AND MATERIALS',' -FP - -',2,12),('MU 331','GENERAL MUSIC FIELD EXPERIENCE',' -FP - -',1,12),('MU 332','MUSIC TECHNOLOGY',' -FP - -',1,12),('MU 354','CLINICAL IMPROVISATION AND COMPOSITION II',' -FP - -',2,12),('MU 355','PRACTICAL EXPERIENCES II: MUSIC THERAPY',' -FP - -',1,12),('MU 356','PRACTICAL EXPERIENCES III: MUSIC THERAPY',' -FP - -',1,12),('MU 358','PSYCHOLOGY OF MUSIC AND RESEARCH METHODS I',' -FP - -',3,12),('MU 360','CHAMBER ENSEMBLE BRASS',' -FP - -',1,12),('MU 361','CE CONCERT CHOIR',' -3CE -C-',1,12),('MU 363','CE COMMUNITY CHORUS',' -3CE -C-',1,12),('MU 364','CE WOMEN\'S CHORUS',' -3CE -C-',1,12),('MU 365','CE ORCHESTRA',' -3CE -C-',1,12),('MU 368','JAZZ BAND',' -FP - -',1,12),('MU 369','CE SYMPHONIC BAND',' -3CE -C-',1,12),('MU 440','ARRANGING',' -FP - -',2,12),('MU 457','PRACTICAL EXPERIENCES IV: MUSIC THERAPY',' -FP - -',1,12),('MU 458','PRACTICAL EXPERIENCES V: MUSIC THERAPY',' -FP - -',1,12),('MU 459','MUSIC THERAPY METHODS AND TECHNIQUES IV',' -FP - -',3,12),('MU 471','INTERNSHIP IN MUSIC',' -FP - -',4,12),('MU 475','PROFESSIONAL INTERNSHIP IN MUSIC EDUCATION',' -FP - -',12,12),('MU 479','PROFESSIONAL INTERNSHIP IN MUSIC THERAPY',' -FP - -',0,12),('MU 490','INDEPENDENT RESEARCH IN MUSIC',' -FP - -',1,12),('OT 110','OCCUPATIONS ACROSS THE LIFESPAN',' -OT - -',4,18),('OT 224','DEVELOPMENT AND OCCUPATIONS OF ADULTHOOD',' -OT - -',4,18),('OT 227','OCCUPATIONS AND MODELS OF PRACTICE IN OCCUPATIONAL THERAPY',' -OT - -',3,18),('OT 228','GROUP PROCESS APPLIED LEARNING LAB',' -OT - -',2,18),('OT 327','PATHOLOGY I',' -OT - -',3,18),('OT 331','FUNDAMENTALS OF THE OCCUPATIONAL THERAPY PROCESS',' -OT - -',2,18),('OT 332','ENABLING OCCUPATIONS: COGNITIVE AND PERCEPTUAL DIMENSIONS',' -OT - -',4,18),('OT 434','ENABLING OCCUPATIONS: PSYCHOSOCIAL DIMENSIONS',' -OT - -',4,18),('OT 435','ENABLING OCCUPATIONS: NEUROMUSCULAR DIMENSIONS',' -OT - -',2,18),('OT 440','HEALTH CARE SYSTEMS',' -OT - -',3,18),('OT 494','UNDERGRADUATE SCHOLARSHIP PRACTICUM II',' -OT - -',2,18),('OT 502','RESEARCH III: CHANGING PRACTICE THROUGH RESEARCH',' -OT - -',4,18),('OT 529','ADVANCED CLINICAL REASONING II',' -OT - -',3,18),('OT 530','PREPARATION FOR PRACTICE',' -OT - -',1,18),('OT 541','ACUTE CARE AND REHABILITATION ELECTIVE',' -OT - -',4,18),('OT 544','MENTAL HEALTH AND WELLNESS ELECTIVE',' -OT - -',4,18),('OT 547','TOPICS IN PEDIATRICS ELECTIVE',' -OT - -',4,18),('OT 555','PUBLICATION AND GRANT WRITING SEMINAR',' -OT - -',4,18),('OT 590','GRADUATE PROJECT PRACTICUM',' -OT - -',0,18),('OT 592','LEVEL II FIELDWORK: PHYSICAL REHABILITATION',' -OT - -',6,18),('PCS265','HUM NONVIOLENCE IN AMERICA',' -9HUM-C-',4,6),('PCS465','DIRECTED RESEARCH PROJECT IN PEACE AND CONFLICT STUDIES',' -PCS - -',4,6),('PE 100','PILATES AND YOGA',' -PWB - -',1,13),('PE 120','AEROBICS',' -PWB - -',1,13),('PE 130','INTRODUCTION TO COACHING: A SERVANT LEADERSHIP APPROACH',' -PE - -',2,13),('PE 135','SPORTS MEDICINE',' -HW - -',2,13),('PE 140','BOWLING',' -PWB - -',1,13),('PE 171','INTRODUCTION TO NUTRITION',' -PE - -',2,13),('PE 172','FOOD FOR THOUGHT',' -PE - -',2,13),('PE 175','ARCHERY/BADMINTON',' -PWB - -',1,13),('PE 195','SOCCER',' -PWB - -',1,13),('PH 110','PLE LOGIC AND CRITICAL THINKING',' -1PLE-C-',4,20),('PH 115','HUM ETHICS',' -9HUM-C-',4,20),('PH 255','ADVANCED ETHICS: ENVIRONMENTAL',' -PPL - -',4,20),('PH 275','HUM SCIENCE AND VALUES',' -9HUM-C-',4,20),('PH 370','HUM PHILOSOPHY OF THE CITY AND EVERYDAY LIFE',' -9HUM-C-',4,20),('PH 371','HUM PERSPECTIVES IN SUSTAINABILITY',' -9HUM-C-',4,20),('PH 490','SENIOR THESIS IN PHILOSOPHY',' -PPL - -',4,20),('PHS201','ELIZABETHTOWN HISTORY: CAMPUS AND COMMUNITY (HON 201)',' -HI - -',2,14),('PHS370','PUBLIC HERITAGE STUDIES: CURATING THE YOUNG CENTER\'S COLLECTION',' -HI - -',4,14),('PHY102','GENERAL PHYSICS II',' -PY - -',4,10),('PHY201','COLLEGE PHYSICS I',' -PY - -',4,10),('PHY221','MODERN PHYSICS',' -PY - -',3,10),('PHY312','ELECTROMAGNETISM (EGR312)',' -PY - -',3,10),('PHY492','PHYSICS RESEARCH II',' -PY - -',2,10),('PP 521','PUBLIC POLICY RESEARCH II: ADVANCED STATISTICS',' -PPL - -',4,20),('PP 542','PENNSYLVANIA POLITICS AND POLICY (PS 342)',' -PPL - -',4,20),('PP 561','PUBLIC ADMINISTRATION (PS 361)',' -PPL - -',4,20),('PP 699','MASTER\'S THESIS II',' -PPL - -',4,20),('PS 111','SSC AMERICAN NATIONAL GOVERNMENT',' -7SSC-C-',4,20),('PS 150','NCH INTRODUCTION TO COMPARATIVE POLITICS',' -5NCH-C-',4,20),('PS 170','ASIAN POLITICS',' -PPL - -',4,20),('PS 205','WCH WESTERN POLITICAL HERITAGE',' -4WCH-C-',4,20),('PS 225','HUM AMERICAN DEMOCRACY IN FILM AND FICTION',' -9HUM-C-',4,20),('PS 230','RESEARCH METHODS',' -PPL - -',4,20),('PS 245','NCH INTERNATIONAL RELATIONS',' -5NCH-C-',4,20),('PS 302','MOCK TRIAL II',' -PPL - -',2,20),('PS 303','CONSTITUTIONAL LAW I: INSTITUTIONS',' -PPL - -',4,20),('PS 332','MODEL UNITED NATIONS (INT 332)',' -PPL - -',4,20),('PS 342','PENNSYLVANIA POLITICS AND POLICY (PP 542)',' -PPL - -',4,20),('PS 361','PUBLIC ADMINISTRATION (PP 561)',' -PPL - -',4,20),('PS 470','INTERNSHIP IN POLITICAL SCIENCE',' -PPL - -',4,20),('PS 492','RESEARCH IN POLITICAL SCIENCE',' -PPL - -',4,20),('PS 499','SENIOR THESIS',' -PPL - -',4,20),('PSY105','SSC INTRODUCTION TO PSYCHOLOGY',' -7SSC-C-',4,20),('PSY125','NPS INTRODUCTION TO NEUROSCIENCE',' -6NPS-C-',4,20),('PSY205','CAREER SEMINAR',' -PC - -',1,20),('PSY230','PSYCHOLOGY OF WOMEN AND GENDER',' -PC - -',4,20),('PSY240','CHILD AND ADOLESCENT DEVELOPMENT',' -PC - -',4,20),('PSY245','ADULT DEVELOPMENT AND AGING',' -PC - -',4,20),('PSY250','PSYCHOPATHOLOGY',' -PC - -',4,20),('PSY285','PSYCHOLOGICAL RESEARCH METHODS',' -PC - -',4,20),('PSY335','APPLIED SOCIAL PSYCHOLOGY',' -PC - -',4,20),('PSY355','COUNSELING PSYCHOLOGY',' -PC - -',4,20),('PSY360','PSYCHOLOGY OF STRESS',' -PC - -',4,20),('PSY440','SEMINAR IN DEVELOPMENT',' -PC - -',4,20),('PSY475','INTERNSHIP IN PSYCHOLOGY',' -PC - -',4,20),('PSY485','ADVANCED PSYCHOLOGICAL RESEARCH',' -PC - -',4,20),('PSY490','RESEARCH PRACTICUM',' -PC - -',4,20),('REL103','HUM RELIGION AND NONVIOLENCE',' -9HUM-C-',4,22),('REL205','SSC SCOPING OUT RELIGIONS: THEORIES AND METHODS',' -7SSC-C-',4,22),('REL214','BIBLICAL HEBREW II',' -RE - -',4,22),('REL225','NCH THE HEBREW BIBLE AND ANCIENT NEAR EAST',' -5NCH-C-',4,22),('REL287','THE STORY OF CHRISTIANITY',' -RE - -',4,22),('REL290','NCH DHARMA TRADITIONS: HINDU, BUDDHIST, JAIN, AND SIKH',' -5NCH-C-',4,22),('REL331','ETHNICITY, GENDER, AND RELIGION',' -RE - -',4,22),('REL370','PUBLIC HERITAGE STUDIES: CURATING THE YOUNG CENTER COLLECTION',' -RE - -',4,22),('REL392','RELIGION IN CHINA AND JAPAN',' -RE - -',4,22),('REL471','INTERNSHIP IN RELIGIOUS STUDIES',' -RE - -',4,22),('REL498','JUNIOR-SENIOR INDEPENDENT RESEARCH',' -RE - -',4,22),('SAN331','STATISTICAL ANALYSIS',' -SO - -',4,24),('SED212','LEARNING ENVIRONMENT AND SOCIAL INTRCTN IN INCLSV STGS (MSE 512)',' -ED - -',4,9),('SED222','FOUNDATIONS OF INCLUSIVE EDUCATION (MSE 522)',' -ED - -',4,9),('SED224','METHODS OF TEACHING STUDENTS WITH HIGH INCIDENCE DISABLT (MSE 524)',' -ED - -',4,9),('SED230','METHODS OF TEACHING STUDENTS W/ LOW INCIDENCE DISABILITIES (MSE 530)',' -ED - -',4,9),('SO 101','SSC DISCOVERING SOCIETY',' -7SSC-C-',4,24),('SO 204','SSC POPULATION AND GLOBAL ISSUES',' -7SSC-C-',4,24),('SO 217','U.S. CRIMINAL JUSTICE SYSTEM',' -SO - -',4,24),('SO 220','RACE AND ETHNIC RELATIONS',' -SO - -',4,24),('SO 305','MARRIAGE AND FAMILY (WGS 305)',' -SO - -',4,24),('SO 317','SOCIOLOGY OF RELIGION',' -SO - -',4,24),('SO 353','POLICING IN AMERICA',' -SO - -',4,24),('SO 370','ETHICS IN THE CRIMINAL JUSTICE SYSTEM',' -SO - -',4,24),('SO 400','SENIOR PROJECT IN SOCIOLOGY',' -SO - -',2,24),('SO 471','INTERNSHIP IN SOCIOLOGY',' -SO - -',4,24),('SP 111','PLO ELEMENTARY SPANISH I',' -2PLO-C-',4,17),('SP 112','PLO ELEMENTARY SPANISH II',' -2PLO-C-',4,17),('SP 170','PLO SPANISH FOR HERITAGE SPEAKERS',' -2PLO- -',4,17),('SP 211','PLO INTERMEDIATE SPANISH I',' -2PLO-C-',4,17),('SP 212','PLO INTERMEDIATE SPANISH II',' -2PLO-C-',4,17),('SP 305','SPANISH CONVERSATION',' -ML - -',4,17),('SP 319','SPANISH LINGUISTICS',' -ML - -',4,17),('SP 371','SPANISH THROUGH CURRENT EVENTS',' -ML - -',2,17),('SP 372','SPANISH THROUGH SOCIAL MEDIA',' -ML - -',2,17),('SP 496','SPANISH SENIOR RESEARCH PROJECT I',' -ML - -',2,17),('SP 497','SPANISH SENIOR RESEARCH PROJECT II',' -ML - -',2,17),('SW 160','SSC SOCIAL PROBLEMS AND RESPONSE OF SOCIAL WELFARE INSTITUTIONS',' -7SSC-C-',4,23),('SW 233','HUMAN BEHAVIOR IN THE SOCIAL ENVIRONMENT',' -SW - -',4,23),('SW 280','MULTICULTURAL COUNSELING SKILLS',' -SW - -',4,23),('SW 345','INTERNATIONAL SOCIAL FIELD WORK PREPARATION',' -SW - -',1,23),('SW 346','EXPLORING THE CULTURE AND SERVICES OF VIETNAM',' -SW - -',2,23),('SW 368','GENERALIST SW PRACTICE II: FAMILIES AND SMALL GROUPS',' -SW - -',4,23),('SW 369','GENERALIST SW PRACTICE III: COMMUNITIES AND ORGANIZATIONS',' -SW - -',4,23),('SW 370','EXPLORING LGBTQ EXPERIENCES',' -SW - -',4,23),('SW 380','SOCIAL POLICY',' -SW - -',4,23),('SW 400','SENIOR PROJECT IN SOCIAL WORK',' -SW - -',2,23),('SW 471','FIELD INSTRUCTION II',' -SW - -',12,23),('SW 498','SENIOR SEMINAR IN SOCIAL WORK',' -SW - -',4,23),('TH 105','HUM INTRODUCTION TO THEATRE',' -9HUM-C-',4,12),('TH 165','CE BASIC ACTING',' -3CE -C-',4,12),('TH 235','VOICE FOR THE ACTOR',' -FP - -',3,12),('TH 310','THEATRE HISTORY',' -FP - -',4,12),('TH 315','ADVANCED STAGECRAFT',' -FP - -',3,12),('TH 350','DESIGN AND PRODUCTION PRACTICUM',' -FP - -',1,12),('TH 360','PERFORMANCE PRACTICUM',' -FP - -',1,12),('TH 405','SENIOR PROJECT IN THEATRE',' -FP - -',2,12),('WGS105','SSC SEX AND GENDER IN SOCIETY',' -7SSC-C-',4,25),('WGS305','MARRIAGE AND FAMILY (SO 305)',' -WGS - -',4,25);
/*!40000 ALTER TABLE `Course` ENABLE KEYS */;
UNLOCK TABLES;

--
-- Table structure for table `Degree`
--

DROP TABLE IF EXISTS `Degree`;
/*!40101 SET @saved_cs_client     = @@character_set_client */;
/*!40101 SET character_set_client = utf8 */;
CREATE TABLE `Degree` (
  `idDegree` int(11) NOT NULL AUTO_INCREMENT,
  `idMajor` int(11) DEFAULT NULL,
  `idMinor` int(11) DEFAULT NULL,
  `idStudent` int(11) DEFAULT NULL,
  PRIMARY KEY (`idDegree`),
  KEY `studentID_idx` (`idStudent`),
  KEY `majorID_idx` (`idMajor`),
  KEY `minorID_idx` (`idMinor`),
  CONSTRAINT `majorID` FOREIGN KEY (`idMajor`) REFERENCES `Majors` (`idMajor`) ON DELETE NO ACTION ON UPDATE NO ACTION,
  CONSTRAINT `minorID` FOREIGN KEY (`idMinor`) REFERENCES `Minors` (`idMinor`) ON DELETE NO ACTION ON UPDATE NO ACTION,
  CONSTRAINT `studentID` FOREIGN KEY (`idStudent`) REFERENCES `Student` (`idStudent`) ON DELETE NO ACTION ON UPDATE NO ACTION
) ENGINE=InnoDB AUTO_INCREMENT=500 DEFAULT CHARSET=latin1 COMMENT='Holds all of the Degree information for students';
/*!40101 SET character_set_client = @saved_cs_client */;

--
-- Dumping data for table `Degree`
--

LOCK TABLES `Degree` WRITE;
/*!40000 ALTER TABLE `Degree` DISABLE KEYS */;
INSERT INTO `Degree` VALUES (1,29,16,0),(2,37,29,2),(3,32,30,3),(4,8,18,4),(5,40,13,5),(6,54,26,6),(7,16,2,7),(8,9,20,8),(9,48,24,9),(10,44,25,10),(11,45,32,11),(12,39,6,12),(13,52,34,13),(14,10,23,14),(15,42,29,15),(16,53,13,16),(17,53,1,17),(18,31,37,18),(19,54,18,19),(20,40,7,20),(21,4,2,21),(22,9,7,22),(23,35,15,23),(24,27,14,24),(25,9,9,25),(26,12,21,26),(27,39,16,27),(28,53,18,28),(29,30,23,29),(30,5,31,30),(31,47,28,31),(32,45,6,32),(33,37,7,33),(34,53,21,34),(35,54,5,35),(36,40,32,36),(37,21,20,37),(38,11,25,38),(39,23,33,39),(40,56,21,40),(41,12,17,41),(42,45,43,42),(43,17,30,43),(44,40,43,44),(45,10,22,45),(46,10,14,46),(47,20,36,47),(48,49,9,48),(49,3,10,49),(50,13,22,50),(51,53,15,51),(52,33,40,52),(53,39,39,53),(54,8,2,54),(55,8,12,55),(56,19,21,56),(57,54,9,57),(58,33,4,58),(59,48,39,59),(60,20,30,60),(61,25,28,61),(62,36,20,62),(63,6,17,63),(64,39,4,64),(65,46,10,65),(66,48,3,66),(67,15,40,67),(68,42,4,68),(69,27,18,69),(70,25,26,70),(71,52,35,71),(72,46,21,72),(73,23,39,73),(74,46,24,74),(75,27,24,75),(76,14,24,76),(77,41,39,77),(78,15,39,78),(79,32,6,79),(80,14,8,80),(81,4,19,81),(82,53,3,82),(83,19,18,83),(84,33,39,84),(85,53,27,85),(86,29,31,86),(87,3,2,87),(88,13,25,88),(89,38,11,89),(90,53,6,90),(91,41,5,91),(92,55,3,92),(93,41,28,93),(94,29,42,94),(95,43,33,95),(96,15,29,96),(97,5,10,97),(98,56,21,98),(99,48,12,99),(100,29,16,0),(101,20,31,101),(102,52,40,102),(103,24,21,103),(104,28,3,104),(105,37,23,105),(106,11,17,106),(107,10,35,107),(108,3,13,108),(109,27,36,109),(110,34,36,110),(111,18,36,111),(112,41,14,112),(113,48,9,113),(114,5,21,114),(115,50,14,115),(116,35,32,116),(117,43,7,117),(118,42,17,118),(119,35,39,119),(120,18,15,120),(121,45,16,121),(122,55,11,122),(123,13,14,123),(124,45,10,124),(125,26,31,125),(126,18,32,126),(127,9,26,127),(128,48,16,128),(129,53,30,129),(130,49,23,130),(131,5,34,131),(132,55,31,132),(133,38,5,133),(134,45,42,134),(135,22,7,135),(136,11,42,136),(137,49,13,137),(138,37,40,138),(139,20,24,139),(140,1,24,140),(141,19,33,141),(142,29,2,142),(143,55,24,143),(144,24,22,144),(145,8,12,145),(146,39,31,146),(147,30,22,147),(148,48,18,148),(149,32,28,149),(150,1,38,150),(151,11,29,151),(152,54,17,152),(153,54,37,153),(154,52,13,154),(155,31,3,155),(156,26,34,156),(157,4,16,157),(158,22,40,158),(159,43,18,159),(160,40,12,160),(161,52,13,161),(162,45,30,162),(163,28,5,163),(164,2,10,164),(165,43,19,165),(166,33,29,166),(167,1,41,167),(168,4,42,168),(169,12,2,169),(170,30,12,170),(171,19,38,171),(172,19,37,172),(173,25,14,173),(174,21,13,174),(175,55,7,175),(176,15,15,176),(177,2,6,177),(178,33,42,178),(179,36,20,179),(180,42,37,180),(181,31,19,181),(182,33,42,182),(183,7,22,183),(184,33,37,184),(185,42,32,185),(186,16,39,186),(187,18,8,187),(188,8,9,188),(189,4,40,189),(190,2,35,190),(191,52,36,191),(192,42,4,192),(193,1,27,193),(194,26,27,194),(195,13,27,195),(196,24,7,196),(197,34,25,197),(198,26,21,198),(199,3,11,199),(200,8,3,200),(201,21,5,201),(202,34,22,202),(203,54,32,203),(204,9,11,204),(205,26,12,205),(206,25,27,206),(207,22,29,207),(208,17,12,208),(209,21,32,209),(210,46,4,210),(211,27,9,211),(212,36,42,212),(213,54,32,213),(214,5,41,214),(215,43,5,215),(216,24,33,216),(217,50,27,217),(218,17,7,218),(219,42,3,219),(220,7,41,220),(221,39,36,221),(222,41,3,222),(223,27,5,223),(224,45,37,224),(225,48,18,225),(226,33,10,226),(227,20,33,227),(228,25,29,228),(229,5,2,229),(230,41,34,230),(231,18,42,231),(232,26,38,232),(233,17,31,233),(234,25,18,234),(235,16,16,235),(236,55,35,236),(237,51,18,237),(238,45,30,238),(239,42,18,239),(240,40,20,240),(241,49,30,241),(242,33,35,242),(243,21,40,243),(244,46,15,244),(245,8,6,245),(246,40,27,246),(247,21,32,247),(248,47,41,248),(249,39,23,249),(250,39,16,250),(251,4,12,251),(252,12,36,252),(253,26,4,253),(254,26,30,254),(255,32,22,255),(256,49,23,256),(257,21,12,257),(258,33,3,258),(259,48,6,259),(260,26,34,260),(261,33,5,261),(262,49,12,262),(263,22,33,263),(264,17,6,264),(265,44,37,265),(266,38,34,266),(267,7,11,267),(268,54,5,268),(269,52,25,269),(270,34,14,270),(271,42,33,271),(272,49,11,272),(273,43,1,273),(274,18,20,274),(275,20,6,275),(276,41,22,276),(277,5,15,277),(278,31,37,278),(279,41,15,279),(280,29,24,280),(281,32,26,281),(282,42,30,282),(283,7,29,283),(284,50,12,284),(285,43,2,285),(286,44,29,286),(287,20,20,287),(288,17,15,288),(289,18,38,289),(290,43,39,290),(291,16,20,291),(292,55,35,292),(293,28,33,293),(294,42,12,294),(295,13,32,295),(296,14,38,296),(297,8,6,297),(298,55,42,298),(299,41,41,299),(300,53,23,300),(301,48,23,301),(302,5,36,302),(303,48,4,303),(304,31,19,304),(305,28,7,305),(306,50,5,306),(307,48,14,307),(308,3,23,308),(309,15,15,309),(310,32,35,310),(311,48,9,311),(312,29,11,312),(313,49,8,313),(314,24,21,314),(315,5,5,315),(316,29,31,316),(317,32,21,317),(318,54,6,318),(319,31,12,319),(320,44,14,320),(321,51,31,321),(322,23,4,322),(323,19,25,323),(324,53,28,324),(325,54,28,325),(326,44,8,326),(327,45,18,327),(328,22,5,328),(329,47,32,329),(330,25,8,330),(331,34,8,331),(332,42,32,332),(333,51,33,333),(334,45,25,334),(335,4,26,335),(336,5,34,336),(337,15,36,337),(338,46,5,338),(339,19,5,339),(340,53,15,340),(341,10,2,341),(342,48,22,342),(343,35,3,343),(344,30,33,344),(345,24,24,345),(346,34,29,346),(347,4,19,347),(348,18,6,348),(349,2,20,349),(350,11,37,350),(351,15,4,351),(352,45,24,352),(353,34,42,353),(354,51,34,354),(355,35,13,355),(356,44,12,356),(357,29,32,357),(358,3,40,358),(359,45,30,359),(360,29,38,360),(361,13,17,361),(362,29,38,362),(363,50,18,363),(364,9,2,364),(365,47,25,365),(366,48,8,366),(367,22,18,367),(368,26,18,368),(369,49,1,369),(370,16,19,370),(371,54,40,371),(372,10,5,372),(373,55,15,373),(374,44,7,374),(375,26,39,375),(376,53,14,376),(377,11,1,377),(378,9,8,378),(379,42,19,379),(380,40,13,380),(381,9,9,381),(382,38,29,382),(383,24,37,383),(384,28,32,384),(385,36,24,385),(386,6,27,386),(387,17,11,387),(388,33,8,388),(389,36,22,389),(390,25,16,390),(391,17,28,391),(392,12,6,392),(393,4,5,393),(394,17,15,394),(395,15,7,395),(396,14,36,396),(397,36,35,397),(398,52,42,398),(399,38,11,399),(400,33,8,400),(401,12,31,401),(402,22,6,402),(403,13,7,403),(404,13,28,404),(405,16,42,405),(406,8,22,406),(407,52,39,407),(408,7,40,408),(409,55,27,409),(410,11,14,410),(411,9,28,411),(412,26,13,412),(413,30,40,413),(414,49,39,414),(415,37,8,415),(416,2,22,416),(417,43,39,417),(418,12,40,418),(419,36,37,419),(420,16,28,420),(421,34,31,421),(422,51,25,422),(423,17,24,423),(424,4,27,424),(425,20,12,425),(426,36,34,426),(427,25,23,427),(428,24,42,428),(429,7,39,429),(430,28,25,430),(431,11,23,431),(432,21,2,432),(433,55,2,433),(434,19,29,434),(435,37,32,435),(436,28,39,436),(437,33,20,437),(438,14,17,438),(439,27,17,439),(440,20,40,440),(441,4,12,441),(442,8,11,442),(443,9,15,443),(444,38,38,444),(445,49,42,445),(446,33,29,446),(447,43,9,447),(448,31,36,448),(449,46,40,449),(450,7,9,450),(451,45,13,451),(452,46,16,452),(453,54,14,453),(454,31,18,454),(455,31,28,455),(456,41,31,456),(457,46,19,457),(458,20,5,458),(459,51,16,459),(460,36,10,460),(461,33,30,461),(462,55,3,462),(463,13,7,463),(464,49,25,464),(465,23,41,465),(466,28,19,466),(467,24,19,467),(468,28,13,468),(469,10,39,469),(470,12,2,470),(471,1,25,471),(472,14,10,472),(473,47,18,473),(474,50,14,474),(475,13,19,475),(476,10,39,476),(477,44,19,477),(478,8,18,478),(479,29,24,479),(480,33,20,480),(481,27,41,481),(482,27,21,482),(483,23,9,483),(484,15,24,484),(485,18,18,485),(486,39,37,486),(487,6,10,487),(488,14,26,488),(489,39,10,489),(490,15,1,490),(491,32,5,491),(492,29,26,492),(493,30,15,493),(494,49,22,494),(495,49,19,495),(496,28,15,496),(497,43,14,497),(498,35,2,498),(499,2,17,499);
/*!40000 ALTER TABLE `Degree` ENABLE KEYS */;
UNLOCK TABLES;

--
-- Table structure for table `Department`
--

DROP TABLE IF EXISTS `Department`;
/*!40101 SET @saved_cs_client     = @@character_set_client */;
/*!40101 SET character_set_client = utf8 */;
CREATE TABLE `Department` (
  `idDep` int(11) NOT NULL,
  `nameDep` varchar(45) DEFAULT NULL,
  `idChair` int(11) DEFAULT NULL COMMENT 'chair of the department',
  PRIMARY KEY (`idDep`),
  KEY `idDept_idx` (`nameDep`),
  KEY `ChairID_idx` (`idChair`),
  CONSTRAINT `ChairID` FOREIGN KEY (`idChair`) REFERENCES `Faculty` (`idFaculty`) ON DELETE NO ACTION ON UPDATE NO ACTION
) ENGINE=InnoDB DEFAULT CHARSET=latin1 COMMENT='This holds all the information about the departments.';
/*!40101 SET character_set_client = @saved_cs_client */;

--
-- Dumping data for table `Department`
--

LOCK TABLES `Department` WRITE;
/*!40000 ALTER TABLE `Department` DISABLE KEYS */;
INSERT INTO `Department` VALUES (1,'Biology',14),(2,'Business',26),(3,'Chemistry and Biochemistry',34),(4,'Cognitive Sciences',NULL),(5,'Communications',NULL),(6,'Computer Science',49),(7,'Creative Writing',NULL),(8,'Data Analytics',NULL),(9,'Education',NULL),(10,'Engineering and Physics',71),(11,'English',94),(12,'Fine and Performing Arts',NULL),(13,'Health and Wellness',NULL),(14,'History',NULL),(15,'Interdisciplinary Studies',NULL),(16,'Mathematical Sciences',110),(17,'Modern Languages',NULL),(18,'Occupational Therapy',137),(19,'Peace and Conflict Studies',NULL),(20,'Politics, Philosophy and Legal Studies',151),(21,'Psychology',162),(22,'Religious Studies',165),(23,'Social Work',170),(24,'Sociology',175),(25,'Women and Gender Studies',NULL);
/*!40000 ALTER TABLE `Department` ENABLE KEYS */;
UNLOCK TABLES;

--
-- Table structure for table `Enroll`
--

DROP TABLE IF EXISTS `Enroll`;
/*!40101 SET @saved_cs_client     = @@character_set_client */;
/*!40101 SET character_set_client = utf8 */;
CREATE TABLE `Enroll` (
  `idEnroll` int(11) NOT NULL,
  `idStudent` int(11) NOT NULL,
  `idClass` int(11) NOT NULL,
  `grade` double DEFAULT NULL,
  `semester` varchar(2) DEFAULT NULL,
  `year` int(11) DEFAULT NULL,
  `current` tinyint(4) NOT NULL,
  PRIMARY KEY (`idEnroll`),
  KEY `idClass_idx` (`idClass`),
  KEY `idStudent_idx` (`idStudent`),
  CONSTRAINT `idClass` FOREIGN KEY (`idClass`) REFERENCES `Class` (`idClass`) ON DELETE NO ACTION ON UPDATE NO ACTION,
  CONSTRAINT `idStudent` FOREIGN KEY (`idStudent`) REFERENCES `Student` (`idStudent`) ON DELETE NO ACTION ON UPDATE NO ACTION
) ENGINE=InnoDB DEFAULT CHARSET=latin1 COMMENT='Bridge entity for student and class, also stores grades';
/*!40101 SET character_set_client = @saved_cs_client */;

--
-- Dumping data for table `Enroll`
--

LOCK TABLES `Enroll` WRITE;
/*!40000 ALTER TABLE `Enroll` DISABLE KEYS */;
INSERT INTO `Enroll` VALUES (0,148,36456,2.3,'OS',1985,0),(1,305,36334,2.7,'MA',1999,0),(2,435,35977,0.7,'SU',1962,0),(3,22,35852,3,'FA',1918,0),(4,287,35990,1.3,'FA',2017,0),(5,436,36023,2.3,'MA',1905,0),(6,365,35853,4,'OS',1952,0),(7,264,36390,2.3,'OS',1976,0),(8,106,36471,0,'SP',1999,0),(9,283,35975,0,'FA',1997,0),(10,178,36020,0.7,'MA',1940,0),(11,247,36909,2.3,'SP',1926,0),(12,118,36315,2.7,'WI',1927,0),(13,199,36071,4,'MA',1998,0),(14,289,36072,0,'SU',1965,0),(15,279,36169,2,'SU',1953,0),(16,273,36477,1.3,'MA',2011,0),(17,267,36503,0.7,'OS',1911,0),(18,136,36301,3.7,'OS',1949,0),(19,478,35933,1,'MA',1957,0),(20,4,36392,4,'FA',1918,0),(21,67,36003,0.7,'SU',1976,0),(22,18,36381,2.3,'SU',1932,0),(23,267,36867,0,'SU',2000,0),(24,446,36460,3.3,'OS',1950,0),(25,397,36142,4,'SU',1951,0),(26,465,35848,3.7,'FA',1937,0),(27,25,36344,1,'MA',1958,0),(28,21,36380,3.7,'SU',1981,0),(29,296,35957,3.3,'MA',1943,0),(30,56,36869,2.7,'SU',1975,0),(31,237,35840,3.3,'SP',1976,0),(32,139,36404,2,'SU',2003,0),(33,144,35851,0.7,'OS',1925,0),(34,341,36049,0.7,'WI',2003,0),(35,462,36454,0,'MA',1996,0),(36,274,36219,3.3,'WI',1923,0),(37,84,36543,1.3,'WI',1958,0),(38,454,36633,1,'MA',1957,0),(39,422,35915,1.3,'MA',1911,0),(40,8,36246,1.7,'MA',1952,0),(41,203,35855,4,'MA',1965,0),(42,185,36421,1,'SU',1946,0),(43,443,36311,2.3,'OS',1966,0),(44,382,35983,4,'MA',1924,0),(45,417,36546,2.3,'MA',1992,0),(46,42,35984,3,'MA',1949,0),(47,332,36632,3,'SP',1930,0),(48,453,35844,2.7,'WI',1949,0),(49,109,36121,0.7,'SU',1995,0),(50,460,36092,1.7,'MA',1964,0),(51,420,36063,2.3,'SU',2018,1),(52,361,35960,4,'SU',1972,0),(53,421,35905,2.7,'WI',1925,0),(54,479,36231,4,'OS',1966,0),(55,249,35953,1.3,'SP',1931,0),(56,77,36271,4,'WI',1971,0),(57,280,36544,1,'SP',1912,0),(58,470,35839,3,'MA',1991,0),(59,50,36417,1,'SP',2011,0),(60,299,36584,1,'SP',1906,0),(61,172,36542,1.3,'WI',1957,0),(62,494,36393,3,'SU',1973,0),(63,148,36139,3.3,'OS',1900,0),(64,92,36853,4,'SU',2006,0),(65,75,36910,4,'FA',1916,0),(66,436,36149,4,'MA',1987,0),(67,436,36343,4,'SU',1989,0),(68,384,36330,1.7,'SP',1998,0),(69,246,36153,2.3,'SU',1905,0),(70,388,36696,3,'OS',1975,0),(71,465,36385,2.3,'SP',1971,0),(72,58,36012,3,'MA',1947,0),(73,41,35975,1.7,'WI',1963,0),(74,142,36520,1,'OS',1993,0),(75,486,36281,3,'MA',1981,0),(76,294,36161,0,'MA',1987,0),(77,215,36528,1,'MA',1919,0),(78,217,36072,2.7,'OS',2010,0),(79,186,36014,1.7,'OS',1958,0),(80,105,36306,2.7,'OS',1962,0),(81,426,36309,1,'SU',1954,0),(82,463,35897,1.7,'WI',2006,0),(83,239,35870,0.7,'OS',1908,0),(84,21,35840,2.7,'SU',1925,0),(85,124,36149,1.3,'MA',2004,0),(86,252,36441,3.7,'SP',1919,0),(87,118,36910,3,'MA',1958,0),(88,214,36472,1.7,'MA',1956,0),(89,329,36109,2,'SP',2016,0),(90,120,36019,1.7,'WI',1976,0),(91,228,35867,3.7,'SU',1987,0),(92,338,35957,4,'OS',1971,0),(93,181,36298,3.7,'MA',1937,0),(94,300,36233,4,'SP',1978,0),(95,323,36244,2,'SU',1909,0),(96,183,36254,3.3,'FA',1949,0),(97,38,36157,2.7,'OS',1927,0),(98,48,36158,2,'FA',1958,0),(99,304,36151,2.3,'SP',1965,0),(100,9,36516,2.3,'WI',1918,0),(101,415,36380,3,'MA',1912,0),(102,144,35996,4,'WI',2016,0),(103,126,36419,4,'SP',1985,0),(104,374,36101,3,'MA',1907,0),(105,104,36841,0,'SP',2018,1),(106,5,36622,1,'MA',2012,0),(107,20,35955,2.3,'SP',1969,0),(108,114,35952,0,'WI',1903,0),(109,49,36407,4,'MA',1958,0),(110,19,36062,3,'MA',1968,0),(111,467,36425,3.3,'FA',1961,0),(112,308,36344,1,'OS',2005,0),(113,101,36553,1.3,'MA',1991,0),(114,45,36220,3.3,'WI',1917,0),(115,258,36561,0,'MA',1919,0),(116,326,36308,0,'WI',1925,0),(117,444,36318,4,'MA',1936,0),(118,284,36483,2.3,'MA',1922,0),(119,334,36161,1.7,'SP',1916,0),(120,303,35961,3,'FA',1948,0),(121,334,36471,2.3,'MA',1980,0),(122,461,36527,3,'MA',1903,0),(123,476,36466,2,'OS',2000,0),(124,443,36342,1,'FA',1956,0),(125,56,36191,2.3,'WI',1936,0),(126,327,36513,1,'OS',1971,0),(127,466,35977,4,'SU',1990,0),(128,456,35854,2.3,'SP',1917,0),(129,330,36066,4,'MA',1899,0),(130,89,36512,1.3,'SU',1986,0),(131,156,35911,3.7,'OS',1912,0),(132,343,36357,0,'WI',1918,0),(133,11,36144,2,'OS',1903,0),(134,6,36152,3.7,'FA',1918,0),(135,63,36636,3.7,'MA',1949,0),(136,137,36636,1,'FA',1980,0),(137,52,36484,4,'SU',1904,0),(138,90,35964,2,'SP',2000,0),(139,318,35933,0.7,'FA',1965,0),(140,301,35868,1.3,'SP',1966,0),(141,2,36218,0,'FA',1929,0),(142,412,36333,2.7,'OS',1907,0),(143,349,35913,2,'SU',1918,0),(144,328,36082,2,'SU',1922,0),(145,419,36584,4,'SU',2007,0),(146,122,35930,4,'OS',1982,0),(147,118,36859,2.3,'SP',1959,0),(148,488,36291,0,'WI',2007,0),(149,261,36384,3.3,'FA',1990,0),(150,452,36101,2,'MA',1963,0),(151,353,36277,3.3,'SU',2002,0),(152,397,36191,1.3,'SU',1984,0),(153,186,36000,2.7,'SP',1968,0),(154,119,36064,0,'MA',2016,0),(155,429,36173,3.7,'SP',1975,0),(156,157,36654,0.7,'OS',1977,0),(157,177,36347,4,'SU',1908,0),(158,322,36199,3,'MA',2010,0),(159,165,36504,0,'SU',1996,0),(160,419,36089,2.7,'FA',2001,0),(161,338,36374,0.7,'MA',1908,0),(162,156,35925,4,'FA',2009,0),(163,77,36633,1.7,'SU',1922,0),(164,128,36176,1.7,'WI',1972,0),(165,477,36458,1.3,'OS',1936,0),(166,453,36443,3,'MA',1916,0),(167,381,36127,4,'WI',1946,0),(168,275,36009,4,'SU',1979,0),(169,489,36181,1.3,'SU',1943,0),(170,421,36560,3.3,'FA',1905,0),(171,284,36331,2,'WI',1925,0),(172,271,36562,0.7,'WI',1906,0),(173,228,36114,1,'SP',1900,0),(174,319,36359,3.7,'FA',1936,0),(175,434,36513,2,'WI',1985,0),(176,223,36000,0.7,'MA',1974,0),(177,51,36069,4,'FA',2014,0),(178,483,36075,3.3,'FA',1980,0),(179,19,36481,1.3,'MA',1968,0),(180,90,36377,1.7,'WI',1921,0),(181,386,36101,3.7,'SU',1928,0),(182,176,36841,1.3,'WI',1951,0),(183,168,36044,2.7,'WI',1947,0),(184,296,36343,0,'FA',1931,0),(185,142,36425,4,'MA',1920,0),(186,329,36191,2,'WI',1993,0),(187,496,36080,0,'WI',1965,0),(188,369,36279,2.3,'MA',1942,0),(189,304,36374,3,'SP',1932,0),(190,418,36533,4,'OS',1932,0),(191,421,36498,3,'MA',1995,0),(192,164,36471,0,'FA',1965,0),(193,323,36352,0,'OS',1918,0),(194,207,36070,0,'SP',1927,0),(195,434,36504,3.7,'FA',1975,0),(196,160,36204,3,'MA',1946,0),(197,107,35979,4,'FA',1913,0),(198,258,36234,3,'MA',1910,0),(199,68,36476,2.3,'MA',1908,0),(200,280,36419,4,'WI',1923,0),(201,452,36155,2,'FA',1972,0),(202,95,36234,4,'FA',1922,0),(203,37,36483,2.7,'FA',1909,0),(204,397,36154,2.7,'WI',1953,0),(205,229,36278,3.7,'OS',1932,0),(206,469,36206,3.7,'FA',1945,0),(207,76,35837,3.7,'SU',1975,0),(208,194,36304,3.3,'SP',1964,0),(209,241,36229,0,'MA',2000,0),(210,302,36626,0.7,'MA',1956,0),(211,400,36018,4,'MA',1950,0),(212,456,36333,3.7,'MA',1973,0),(213,137,36911,2.3,'FA',1948,0),(214,283,36231,1.7,'SU',2016,0),(215,89,35850,3.3,'WI',1916,0),(216,456,35849,3.3,'FA',2009,0),(217,77,36343,4,'MA',1911,0),(218,423,36082,1.7,'MA',1908,0),(219,104,36275,1.3,'SU',1908,0),(220,274,36632,2,'FA',1959,0),(221,229,36071,2.7,'MA',1945,0),(222,491,36064,1.7,'SU',1974,0),(223,284,36487,2.7,'SP',1909,0),(224,95,36456,3.3,'WI',1910,0),(225,283,36911,0.7,'OS',1933,0),(226,228,36262,3.3,'WI',1962,0),(227,208,35835,3.7,'SP',1899,0),(228,414,36869,2.3,'FA',1926,0),(229,175,36198,3.3,'OS',1949,0),(230,277,36072,2,'MA',1976,0),(231,180,36087,1.3,'WI',1976,0),(232,200,36231,4,'OS',1953,0),(233,375,36213,4,'FA',1955,0),(234,246,36271,4,'WI',1992,0),(235,437,36332,2.3,'FA',2017,0),(236,58,36171,1.7,'MA',1957,0),(237,478,36389,0.7,'SU',1924,0),(238,262,36476,3.7,'SU',1956,0),(239,137,36274,2.7,'FA',1972,0),(240,241,36399,3.3,'SU',1936,0),(241,305,36179,1,'WI',1952,0),(242,237,36584,0.7,'OS',2018,1),(243,45,36076,3,'SP',1901,0),(244,99,36058,2.3,'FA',1937,0),(245,72,36678,1.7,'MA',2005,0),(246,58,36323,2.7,'FA',1940,0),(247,189,36380,2.3,'MA',1944,0),(248,240,35903,3,'SU',1919,0),(249,411,36086,1,'MA',1995,0),(250,49,36003,4,'SU',2014,0),(251,450,36474,0.7,'WI',1986,0),(252,8,36439,2.7,'SP',1952,0),(253,191,36183,1,'SU',2000,0),(254,289,36131,4,'OS',1947,0),(255,475,36918,2.7,'SP',1985,0),(256,123,36010,1.7,'OS',1911,0),(257,408,36159,1,'FA',1996,0),(258,446,36338,4,'WI',1996,0),(259,410,36558,3,'WI',1986,0),(260,386,36284,4,'FA',1906,0),(261,178,36431,3,'SP',1984,0),(262,153,36865,2,'OS',1990,0),(263,430,36202,1,'SU',2010,0),(264,238,36868,1.7,'OS',1944,0),(265,389,35952,2.3,'FA',1944,0),(266,128,36880,2.3,'FA',1918,0),(267,117,36558,2,'SU',1965,0),(268,495,36255,3.3,'OS',1963,0),(269,59,35928,1.7,'WI',1920,0),(270,281,35857,1,'WI',2004,0),(271,244,36050,0.7,'WI',1995,0),(272,168,36231,2.3,'MA',2007,0),(273,48,36081,1,'OS',1899,0),(274,359,35890,3,'MA',2009,0),(275,308,36528,3,'MA',1953,0),(276,462,36356,3.7,'WI',1967,0),(277,451,36309,1,'MA',1992,0),(278,389,35887,3,'OS',1934,0),(279,204,36426,2.3,'SU',1916,0),(280,162,36450,4,'MA',1992,0),(281,416,36383,3.3,'FA',1958,0),(282,136,35848,1.7,'OS',1946,0),(283,73,36093,4,'WI',1937,0),(284,492,36854,1.3,'OS',1908,0),(285,31,36008,2,'SU',2006,0),(286,487,35892,3.3,'WI',1927,0),(287,278,36431,1,'SU',1993,0),(288,142,36318,0,'SP',1989,0),(289,370,36177,2.7,'FA',1944,0),(290,441,36053,4,'SU',2018,1),(291,189,36286,0.7,'WI',1976,0),(292,381,35973,0,'FA',2011,0),(293,83,36065,3,'SU',1991,0),(294,275,36187,2.7,'WI',1980,0),(295,332,36403,2.7,'OS',1941,0),(296,292,36424,3.7,'FA',1924,0),(297,303,35925,4,'SU',1958,0),(298,176,36913,2,'WI',1993,0),(299,157,36367,1,'OS',1981,0),(300,359,36011,3.3,'WI',1975,0),(301,311,36302,4,'OS',1949,0),(302,331,36399,2.3,'WI',2005,0),(303,452,36229,3.3,'MA',1969,0),(304,51,36204,4,'OS',1917,0),(305,420,36582,2.3,'SU',1941,0),(306,168,35861,4,'MA',1934,0),(307,218,36542,1,'OS',1950,0),(308,429,36238,1.3,'FA',1940,0),(309,8,36207,4,'SU',1943,0),(310,339,36426,2.3,'WI',1986,0),(311,263,36441,1.7,'SP',1924,0),(312,149,36063,2.7,'SU',1928,0),(313,416,36535,1.3,'OS',1964,0),(314,350,36223,1,'SP',1973,0),(315,322,35918,1.3,'SU',1903,0),(316,237,36841,2,'WI',2001,0),(317,253,36236,1.7,'SU',1919,0),(318,458,35859,4,'OS',1934,0),(319,153,36115,4,'WI',1969,0),(320,202,36204,2.7,'SP',1939,0),(321,347,36268,2.3,'OS',1997,0),(322,129,35933,2.3,'FA',1903,0),(323,80,35902,3.7,'OS',1970,0),(324,418,36048,1.3,'WI',1926,0),(325,108,36466,3.3,'FA',2005,0),(326,10,36525,2,'FA',1983,0),(327,351,36122,4,'WI',1942,0),(328,409,36079,3.7,'FA',1930,0),(329,303,36563,1.3,'SU',1978,0),(330,410,36851,3.3,'SU',1901,0),(331,340,35844,4,'FA',1941,0),(332,178,36189,0.7,'WI',1949,0),(333,39,36377,1.3,'WI',1942,0),(334,412,35910,0,'SP',2003,0),(335,387,36362,2.3,'SP',1961,0),(336,254,36458,1,'WI',1932,0),(337,396,36050,4,'OS',1962,0),(338,152,36456,4,'WI',1933,0),(339,313,36541,1,'SU',1960,0),(340,333,35998,3,'OS',1908,0),(341,377,36464,3,'WI',2000,0),(342,81,36147,4,'MA',1980,0),(343,132,35990,1,'SU',1962,0),(344,152,36855,3,'SP',1916,0),(345,204,35987,1.3,'OS',1915,0),(346,65,36855,4,'OS',2011,0),(347,89,36004,0,'SU',1918,0),(348,220,36310,3.7,'WI',1913,0),(349,65,36057,2,'WI',1925,0),(350,465,36390,0.7,'FA',1916,0),(351,36,36165,2,'MA',1902,0),(352,452,36174,1.3,'SU',1981,0),(353,401,36632,2.7,'SU',1935,0),(354,94,36292,1.7,'MA',1960,0),(355,149,36381,1.3,'WI',1906,0),(356,370,36003,1,'MA',1957,0),(357,435,36172,3,'WI',1958,0),(358,88,36917,3,'SU',2002,0),(359,68,36423,2.7,'FA',1960,0),(360,460,36441,0,'MA',1925,0),(361,220,36159,4,'WI',2000,0),(362,10,36338,2.3,'WI',2014,0),(363,427,35995,1,'MA',2009,0),(364,149,36093,3.3,'SP',1961,0),(365,71,36233,1.7,'SP',1943,0),(366,127,36583,1.7,'SP',1931,0),(367,276,36013,2,'FA',1903,0),(368,57,36325,0.7,'SP',1971,0),(369,413,35958,3,'SP',1958,0),(370,424,36220,4,'SU',1961,0),(371,457,36057,4,'MA',1972,0),(372,281,36053,1.7,'SU',1899,0),(373,311,35869,2,'OS',1999,0),(374,139,36381,4,'SP',2016,0),(375,477,36441,3.3,'FA',1901,0),(376,44,35865,1.3,'SU',2008,0),(377,143,36429,3.3,'MA',1909,0),(378,332,35914,4,'SU',1975,0),(379,101,36355,2.7,'SP',1956,0),(380,364,36516,3.7,'SU',2009,0),(381,386,36497,3,'SP',2006,0),(382,185,36466,0.7,'MA',1926,0),(383,280,36049,3.7,'SP',1907,0),(384,173,36566,2.3,'OS',1920,0),(385,367,36163,1.3,'OS',1921,0),(386,189,36431,4,'SP',2016,0),(387,400,36348,1.3,'FA',2013,0),(388,12,36075,1,'MA',1965,0),(389,257,36050,3,'OS',1990,0),(390,235,36338,1.3,'WI',1928,0),(391,173,36542,2.3,'SU',1944,0),(392,442,36399,2.7,'SU',1953,0),(393,210,36861,2,'SU',1900,0),(394,373,36340,4,'OS',1959,0),(395,209,36075,2.3,'FA',1909,0),(396,155,35914,2.7,'WI',1959,0),(397,291,36319,2.3,'FA',1932,0),(398,181,36018,4,'WI',1999,0),(399,151,36093,2.7,'SP',1993,0),(400,368,36227,3.3,'MA',1899,0),(401,413,36122,0.7,'OS',1988,0),(402,310,36269,0,'WI',1911,0),(403,61,35978,1.7,'SU',1900,0),(404,374,36483,4,'FA',1925,0),(405,290,36336,3.3,'FA',1910,0),(406,160,36476,3,'FA',1971,0),(407,280,35930,2,'FA',1959,0),(408,186,35975,1.7,'WI',1903,0),(409,214,36397,3.3,'SP',1983,0),(410,438,35835,1.7,'FA',1918,0),(411,354,36092,0.7,'SU',1979,0),(412,89,35844,3.7,'MA',1934,0),(413,37,36078,4,'WI',1933,0),(414,486,35999,3.3,'OS',1943,0),(415,263,36494,4,'SU',1958,0),(416,83,36538,0,'FA',1960,0),(417,157,36166,0,'OS',2000,0),(418,16,36291,1.3,'SU',1973,0),(419,114,36141,2.3,'SP',1927,0),(420,284,36217,4,'SP',1977,0),(421,478,36306,3.7,'MA',1978,0),(422,55,36219,1.3,'MA',2008,0),(423,196,36405,1.7,'SU',1961,0),(424,156,36059,3.7,'SU',1939,0),(425,221,36443,2,'FA',2002,0),(426,397,35870,4,'WI',2013,0),(427,119,36374,1,'MA',1957,0),(428,117,36856,2.7,'OS',1987,0),(429,319,36332,0,'SP',1970,0),(430,489,36016,4,'MA',1941,0),(431,315,36516,3.3,'SU',1920,0),(432,66,36496,3.3,'SU',1938,0),(433,479,35918,1.3,'FA',1977,0),(434,152,36076,3.3,'SP',1923,0),(435,10,36539,4,'MA',1909,0),(436,295,36337,3.3,'WI',1966,0),(437,414,36341,1.3,'MA',1955,0),(438,389,36013,3.7,'MA',1967,0),(439,206,36503,3,'OS',2013,0),(440,356,36022,0.7,'MA',1925,0),(441,371,36348,2.3,'WI',1997,0),(442,386,36850,3.7,'SU',1964,0),(443,289,36920,3.3,'WI',1977,0),(444,120,35997,2.3,'SP',1970,0),(445,190,36236,3,'FA',1990,0),(446,291,36630,1.3,'SP',1994,0),(447,34,36220,1,'FA',1952,0),(448,11,36150,2,'SP',1967,0),(449,28,36329,1.7,'SU',1976,0),(450,165,36635,3.3,'SU',1905,0),(451,283,36071,2,'WI',1940,0),(452,155,35844,4,'MA',1935,0),(453,425,36377,4,'WI',1941,0),(454,481,36653,0.7,'SP',1987,0),(455,15,36159,2.7,'MA',1960,0),(456,344,36242,2,'SP',1951,0),(457,250,36853,1.3,'SP',1989,0),(458,16,36215,3.3,'SP',2011,0),(459,416,36487,2.3,'SP',1965,0),(460,362,36382,2.7,'WI',1952,0),(461,162,36229,2.3,'FA',1980,0),(462,161,36457,3.7,'SU',2016,0),(463,478,36228,1,'MA',1987,0),(464,285,35853,3,'SP',2003,0),(465,123,36548,0.7,'WI',2009,0),(466,73,36064,1.3,'FA',1928,0),(467,443,36302,2.3,'SU',1971,0),(468,349,36429,0.7,'MA',1914,0),(469,194,35972,4,'FA',1945,0),(470,461,36511,3,'MA',1970,0),(471,144,36009,2,'OS',1946,0),(472,375,36128,3.7,'OS',1950,0),(473,348,36148,4,'SP',1947,0),(474,161,36122,1.3,'SP',2004,0),(475,86,36906,1,'MA',1929,0),(476,468,35903,3.3,'SP',1962,0),(477,149,36066,4,'MA',2014,0),(478,354,35884,1.7,'SP',1901,0),(479,158,36247,2.3,'MA',1927,0),(480,93,35988,2.3,'WI',1955,0),(481,215,36143,0,'SP',1989,0),(482,455,35859,3.7,'WI',1984,0),(483,114,36093,3.3,'FA',1953,0),(484,300,36630,2.3,'SU',1938,0),(485,468,36519,3,'SU',1987,0),(486,201,36092,3.7,'FA',1926,0),(487,440,36430,4,'SU',1912,0),(488,67,36328,0,'SP',1904,0),(489,204,35960,2,'FA',2018,1),(490,377,36170,0,'SP',1911,0),(491,97,36564,2.7,'SU',2018,1),(492,67,36001,0.7,'MA',1980,0),(493,109,35933,3,'MA',1934,0),(494,71,36181,1,'MA',1932,0),(495,19,36912,2.3,'OS',1980,0),(496,243,36109,2.7,'OS',1947,0),(497,274,36231,1.3,'WI',1999,0),(498,161,36439,0.7,'FA',1971,0),(499,281,36014,3,'SU',1987,0);
/*!40000 ALTER TABLE `Enroll` ENABLE KEYS */;
UNLOCK TABLES;

--
-- Table structure for table `Faculty`
--

DROP TABLE IF EXISTS `Faculty`;
/*!40101 SET @saved_cs_client     = @@character_set_client */;
/*!40101 SET character_set_client = utf8 */;
CREATE TABLE `Faculty` (
  `idFaculty` int(11) NOT NULL,
  `fName` varchar(45) DEFAULT NULL,
  `lName` varchar(45) DEFAULT NULL,
  `idDept` int(11) DEFAULT NULL,
  `title` varchar(100) DEFAULT NULL,
  `officeRoom` int(11) DEFAULT NULL,
  `email` varchar(45) DEFAULT NULL,
  PRIMARY KEY (`idFaculty`),
  KEY `idDept_idx` (`idDept`),
  KEY `officeId_idx` (`officeRoom`),
  CONSTRAINT `idDept` FOREIGN KEY (`idDept`) REFERENCES `Department` (`idDep`) ON DELETE NO ACTION ON UPDATE NO ACTION,
  CONSTRAINT `officeId` FOREIGN KEY (`officeRoom`) REFERENCES `Room` (`idRoom`) ON DELETE NO ACTION ON UPDATE NO ACTION
) ENGINE=InnoDB DEFAULT CHARSET=latin1 COMMENT='All Faculty information is held here';
/*!40101 SET character_set_client = @saved_cs_client */;

--
-- Dumping data for table `Faculty`
--

LOCK TABLES `Faculty` WRITE;
/*!40000 ALTER TABLE `Faculty` DISABLE KEYS */;
INSERT INTO `Faculty` VALUES (1,'Helen','Bartlett',1,'Assistant in Biology',3,'bartlehs@etown.edu'),(2,'David','Bowne',1,'Sabbatical Leave',8,'bowned@etown.edu'),(3,'Diane','Bridge',1,'Associate Professor of Biology',43,'bridged@etown.edu'),(4,'Jane','Cavender',1,'Professor of Biology',78,'cavender@etown.edu'),(5,'Janice','Davis',1,'Administrative Assistant',73,'davisjw@etown.edu'),(6,'James','Dively',1,'Professor of Biology Emeritus',3,'divelyjl311@gmail.com'),(7,'Melanie','Eshelman',1,'Adjunct Faculty',86,'eshelmanm@etown.edu'),(8,'Anya','Goldina',1,'Assistant Prof of Biology',39,'goldinaa@etown.edu'),(9,'Jose','Cruz',1,'Visiting Assistant Professor Biology',84,'mesab@etown.edu'),(10,'Thomas','Murray',1,'Professor of Biology',31,'murrayte@etown.edu'),(11,'Wesley','Raup-Konsavage',1,'Adjunct Faculty',87,'raupkonsavagew@etown.edu'),(12,'Isis','Walsh',1,'Adjunct Faculty',89,'riverawalshi@etown.edu'),(13,'Debra','Wohl',1,'Professor of Biology',46,'wohld@etown.edu'),(14,'Jodi','Yorty',1,'Assoc Professor of Molecular Biology Department Chair',2,'yortyj@etown.edu'),(15,'John','Angelis',2,'Assistant Professor of Management',36,'angelisj@etown.edu'),(16,'Cristina','Ciocirlan',2,'Assoc Professor of Business Department Chair',81,'ciocirlanc@etown.edu'),(17,'Jeffrey','Gabriel',2,'Lecturer in Accounting',11,'gabrielj@etown.edu'),(18,'Bryan','Greenberg',2,'Associate Prof of Marketing',42,'greenbergb@etown.edu'),(19,'Sharon','Kain',2,'Admin Asst to Dept Chair and Dept of Business',10,'kains@etown.edu'),(20,'Dmitriy','Krichevskiy',2,'Associate Prof of Economics',46,'krichevskiyd@etown.edu'),(21,'Sean','Melvin',2,'Assoc Professor of Business',11,'melvins@etown.edu'),(22,'Jared','Miller',2,'Lecturer in Accounting',11,'millerjared@etown.edu'),(23,'Hongsong','Neuhauser',2,'Associate Professor of Finance',78,'neuhausere@etown.edu'),(24,'Kemal','Ozkanca',2,'Adjunct Faculty',54,'ozkancak@etown.edu'),(25,'Sanjay','Paul',2,'Assoc Professor of Economics',19,'pauls@etown.edu'),(26,'Terrie','Riportella',2,'Edgar T. Bitting Chair of Acctg Dir of Acctg Prog',8,'riportellat@etown.edu'),(27,'Petru','Sandu',2,'Assoc Professor of Entrepreneurship & Management',3,'sandup@etown.edu'),(28,'Stephanie','VanderMey',2,'Admin Asst Internships, Recruitment & Special Proj',32,'vandermeys@etown.edu'),(29,'Hossein','Varamini',2,'Turnbull-Jamieson Prof of Finance and International Business',77,'varaminih@etown.edu'),(30,'Sylvester','Williams',2,'Assoc Prof of Business Law',42,'williamss@etown.edu'),(31,'Michael','Bierbower',3,'Chemical Hygiene Officer',20,'bierbowm@etown.edu'),(32,'Thomas','Hagan',3,'Assoc Professor of Chemistry',58,'hagan@etown.edu'),(33,'Michele','Herndon',3,'Administrative Assistant',1,'herndonm@etown.edu'),(34,'Gary','Hoffman',3,'Professor of Chemistry Department Chair',20,'hoffmang@etown.edu'),(35,'James','MacKay',3,'Assoc Professor of Chemistry',35,'mackayj@etown.edu'),(36,'Richard','Papez',3,'Assistant in Chemistry',38,'papezr@etown.edu'),(37,'Jeffrey','Rood',3,'Assoc Prof of Chemistry',70,'roodj@etown.edu'),(38,'Lauren','Toote',3,'Assistant Professor of Chemistry',51,'tootelauren@etown.edu'),(39,'David','Yeagley',3,'Adjunct Faculty',3,'yeagleyd@etown.edu'),(40,'Carrie','Chapman',5,'Administrative Assistant',65,'chapmanc@etown.edu'),(41,'Tamara','Gillis',5,'Professor of Communications',74,'gillistl@etown.edu'),(42,'Colin','Helb',5,'Assoc Prof of Communications',60,'helbc@etown.edu'),(43,'Katherine','Hughes',5,'Sabbatical Leave',33,'hugheska@etown.edu'),(44,'Kirsten','Johnson',5,'Professor of Communications',74,'johnsonka@etown.edu'),(45,'Kelly','Poniatowski',5,'Assoc Prof of Communications',66,'poniatowskik@etown.edu'),(46,'Matthew','Telleen',5,'Assoc Prof of Communications Interim Dir Pre-law Program',81,'telleenm@etown.edu'),(47,'Andy','Williams',5,'Director of Broadcasting',58,'williamsaw@etown.edu'),(48,'Ting','Gu',6,'Assist Prof Computer Science',74,'gut@etown.edu'),(49,'Thomas','Leap',6,'Assoc Prof of Comp Science Department Chair',76,'leap@etown.edu'),(50,'Peilong','Li',6,'Assistant Professor of Computer Science',3,'lip@etown.edu'),(51,'Joseph','Wunderlich',6,'Associate Prof of Engineering & Computer Science Comp. Engr. Prog. Coord.',32,'wunderjt@etown.edu'),(52,'Wendy','Bellew',9,'Lecturer in Education',20,'bellew@etown.edu'),(53,'Kathryn','Caprino',9,'Assistant Professor of Education, PK-12 New Literacies',33,'caprinok@etown.edu'),(54,'Carrie','Coryer',9,'Science in Motion Assistant',59,'coryerc@etown.edu'),(55,'Elizabeth','Coyle',9,'Assoc Professor of Education',68,'coyleh@etown.edu'),(56,'Diane','DeArment',9,'Director of Clinical Experiences',21,'dearmedk@etown.edu'),(57,'Daniel','Felix',9,'Clinical Supervisor',28,'felixd@etown.edu'),(58,'James','Filizzi',9,'Clinical Supervisor',65,'filizzij@etown.edu'),(59,'Peggy','Filizzi',9,'Adjunct Faculty',26,'filizzip@etown.edu'),(60,'John','Frick',9,'Lecturer in Education',73,'frickje@etown.edu'),(61,'Johanna','Gardiner',9,'Administrative Assistant',40,'gardinerj@etown.edu'),(62,'Harry','Goodman',9,'Clinical Supervisor',17,'goodmanh@etown.edu'),(63,'Leigh','Haley-Mize',9,'Associate Prof of Education',58,'mizes@etown.edu'),(64,'Donna','Jones',9,'Clinical Supervision',83,'jonesdonna@etown.edu'),(65,'Peter','Licona',9,'Assistant Prof of PK-12 STEM Education',28,'liconap@etown.edu'),(66,'Diane','Lupia',9,'Clinical Supervisor',18,'lupiad@etown.edu'),(67,'Wendy','Martin',9,'Science Education Outreach Director',84,'martinw@etown.edu'),(68,'Barbara','Patton',9,'Clinical Supervisor',32,'pattonbp@etown.edu'),(69,'Carroll','Tyminski',9,'Assoc Professor of Education',88,'tyminscr@etown.edu'),(70,'Dana','Wendling',9,'Administrative Assistant',87,'wendlingd@etown.edu'),(71,'Sara','Atwood',10,'Associate Prof of Engineering Department Chair',29,'atwoods@etown.edu'),(72,'Jean','Batista Abreu',10,'Assistant Professor of Engineering',44,'batistajc@etown.edu'),(73,'Brenda','Daily',10,'Associate Professor of Engineering',60,'readb@etown.edu'),(74,'Kurt','DeGoede',10,'Professor of Engineering and Physics',7,'degoedek@etown.edu'),(75,'Tomas','Estrada',10,'Assoc Prof of Electrical Engineering Engineering',73,'estradat@etown.edu'),(76,'Mark','Gatti',10,'Mgr of Engineering Laboratories & Student Fabrication',58,'gattim@etown.edu'),(77,'William','Gordon',10,'Adjunct Faculty',46,'gordonw@etown.edu'),(78,'Ilan','Grave',10,'Assoc Professor of Engineering and Physics',84,'gravei@etown.edu'),(79,'Jennifer','McFadden',10,'Administrative Assistant Engineering & Physics',35,'mcfaddenj@etown.edu'),(80,'Michael','Scanlin',10,'Professor, Geosci & Engineer',65,'scanlima@etown.edu'),(81,'William','Stuckey',10,'Professor of Physics',91,'stuckeym@etown.edu'),(82,'Kimberly','Adams',11,'Associate Professor of English',53,'adamsk@etown.edu'),(83,'Jennifer','Besse',11,'Adjunct Faculty',57,'bessej@etown.edu'),(84,'Catherine','Daubenspeck',11,'Adjunct Faculty',29,'daubenspeckc@etown.edu'),(85,'Erica','Dolson',11,'Lecturer in English',79,'dolsone@etown.edu'),(86,'Victoria','Ehrhardt',11,'Adjunct Faculty',80,'ehrhardtv@etown.edu'),(87,'Stephanie','Kantz',11,'Adjunct Faculty',55,'kantzs@etown.edu'),(88,'Jillian','Kleis',11,'Part Time Admin Dept Assistant',91,'kleisj@etown.edu'),(89,'Louis','Martin',11,'Professor of English',68,'martinlf@etown.edu'),(90,'Tara','Moore',11,'Visiting Assistant Prof of English',15,'mooret@etown.edu'),(91,'John','Rohrkemper',11,'Assoc Professor of English',90,'rohrkemj@etown.edu'),(92,'Carmine','Sarracino',11,'Professor of English',61,'sarracct@etown.edu'),(93,'Matthew','Skillen',11,'Assoc Prof of English, Dir of English Education',88,'skillenm@etown.edu'),(94,'Matthew','Skillen',11,'Assoc Prof of English, Dir of English Education Dept Chair, Communications',91,'skillenm@etown.edu'),(95,'Suzanne','Roberson',11,'Associate Professor of English',26,'websterse@etown.edu'),(96,'Patricia','Ricci',12,'Associate Professor of History of Art and Dir, Fine Arts Division',20,'riccipl@etown.edu'),(97,'Kirk','Reese',12,'Adjunct Faculty',32,'reesek@etown.edu'),(98,'Amy','Reynolds',12,'Administrative Assistant',73,'reynoldsa@etown.edu'),(99,'Victoria','Rowe',12,'Adjunct Faculty',1,'rowev@etown.edu'),(100,'Teresa','Wolf-Spencer',12,'Custom Design',7,'wolft@etown.edu'),(101,'Teresa','Bomberger',12,'Adjunct Faculty',49,'bombergert@etown.edu'),(102,'Emily','Frantz',12,'Adjunct Faculty',49,'frantze@etown.edu'),(103,'Sara','Male',12,'Adjunct Faculty',89,'males@etown.edu'),(104,'Stephanie','McCullough',12,'Adjunct Faculty',14,'mcculloughs@etown.edu'),(105,'David','Brown',14,'Raffensperger Prof of History',23,'brownds@etown.edu'),(106,'Kathryn','Densford',14,'Visiting Assistant Professor of History',81,'densfordk@etown.edu'),(107,'Beatrix','Kalman',14,'Administrative Assistant for History, Modern Language & Religious Studies',29,'kalmanb@etown.edu'),(108,'David','Kenley',14,'Director of the Center for Global Understanding and Peacemaking Prof of History & Dept Chair',2,'kenleyd@etown.edu'),(109,'Leyla','Batakci',16,'Assoc Professor of Mathematics',10,'batakcil@etown.edu'),(110,'Bogdan','Doytchinov',16,'Associate Prof of Mathematics Department Chair',74,'doytchinovb@etown.edu'),(111,'James','Hughes',16,'Professor of Mathematics',10,'hughesjr@etown.edu'),(112,'Timothy','McDevitt',16,'Professor of Mathematics',11,'mcdevittt@etown.edu'),(113,'Anne','Montgomery',16,'Adjunct Faculty',35,'montgomerya@etown.edu'),(114,'Gabriela','Sanchis',16,'Sabbatical Lv',84,'sanchisgr@etown.edu'),(115,'Stephen','Soltys',16,'Assoc Prof of Mathematics Ed',6,'soltyss@etown.edu'),(116,'Bobette','Thorsen',16,'Associate Professor of Math',9,'thorsenbh@etown.edu'),(117,'Rebecca','Weis',16,'Admin Asst, Math/Comp Sci/Psych',20,'weisrs@etown.edu'),(118,'Kurt','Barnada',17,'Assoc Prof of Modern Lang Department Chair',34,'barnadkm@etown.edu'),(119,'Mahua','Bhattacharya',17,'Assoc Professor of Japanese',55,'bhattacharm@etown.edu'),(120,'Vanessa','Borilot',17,'Assistant Professor of French',60,'borilotv@etown.edu'),(121,'Mark','Harman',17,'Professor of English and Modern Languages College Prof of International Studies',12,'harmanm@etown.edu'),(122,'Montserrat','Linares-Farras',17,'Assoc Prof of Spanish',34,'linaresm@etown.edu'),(123,'Charla','Lorenzen',17,'Assoc Prof of Mod Lang',30,'lorenzenc@etown.edu'),(124,'Megan','Macnicol',17,'Adjunct Faculty',15,'macnicolm@etown.edu'),(125,'Barbara','Nissman-Cohen',17,'Adjunct Faculty',2,'cohenb@etown.edu'),(126,'Jyl','Snyder',17,'Adjunct Faculty',42,'snyderjyl@etown.edu'),(127,'Nobuaki','Takahashi',17,'Assoc Prof of Japanese',45,'takahashin@etown.edu'),(128,'Christine','Achenbach',18,'Fieldwork Coordinator',33,'achenbachc@etown.edu'),(129,'Lori','Benner',18,'Adjunct Faculty',15,'bennerl@etown.edu'),(130,'Karen','Conrad',18,'Adjunct Faculty',35,'conradkm@etown.edu'),(131,'Terri','Dennehy',18,'Assistant Professor of Occupational Therapy',2,'dennehyt@etown.edu'),(132,'Carol','Dietrich',18,'Administrative Assistant',63,'dietrichj@etown.edu'),(133,'Judy','Ericksen',18,'Assoc Professor of OT',51,'ericksenj@etown.edu'),(134,'Gina','Fox',18,'Occupational Therapy Lecturer',91,'foxg@etown.edu'),(135,'Theta','Grimaud',18,'Adjunct Faculty',25,'grimaudt@etown.edu'),(136,'Kerri','Hample',18,'Asst. Professor of Occupational Therapy',25,'hamplek@etown.edu'),(137,'Tamera','Humbert',18,'Assoc Professor of OT Department Chair',34,'humbertt@etown.edu'),(138,'Diane','Martin',18,'Academic Fieldwork Coordinator',15,'martindiane@etown.edu'),(139,'Nicole','Ness',18,'Adjunct Faculty',81,'nessn@etown.edu'),(140,'Daniel','Panchik',18,'Assoc Professor of OT',90,'panchikd@etown.edu'),(141,'Portia','Posatko',18,'Fieldwork Support Specialist',41,'posatkop@etown.edu'),(142,'Ann','Potter',18,'Assistant Professor of OT',40,'pottera@etown.edu'),(143,'Angela','Salvadia',18,'Lecturer of Occupational Therapy',28,'salvadiaa@etown.edu'),(144,'Nancy','Steadman',18,'Associate Professor of OT',25,'carlsona@etown.edu'),(145,'Deborah','Waltermire-Burton',18,'Assistant Professor of OT',88,'walterda@etown.edu'),(146,'Travis','Anderson',20,'Adjunct Faculty',43,'andersontravis@etown.edu'),(147,'William','Bova',20,'Adjunct Faculty',39,'bovaw@etown.edu'),(148,'Dan','Chen',20,'Sabbatical Leave',80,'chend@etown.edu'),(149,'John','Craig',20,'Adjunct Faculty',74,'craigj@etown.edu'),(150,'David','Danneker',20,'Adjunct Faculty',75,'dannekerd@etown.edu'),(151,'April','Woessner',20,'Professor of Political Science Department Chair',48,'kellya@etown.edu'),(152,'Paula','Burke',20,'Adjunct Faculty',44,'burkep@etown.edu'),(153,'Fletcher','McClellan',20,'Professor of Political Science',43,'mcclelef@etown.edu'),(154,'Oya','Ozkanca',20,'College Professor of International Studies Dir International Studies Minor Prog',16,'dursuno@etown.edu'),(155,'Alexandria','Poole',20,'Assistant Professor of Philosophy',83,'poolea@etown.edu'),(156,'Gabriel','Ricci',20,'Professor of Humanities',74,'riccigr@etown.edu'),(157,'Wayne','Selcher',20,'Professor of International Studies Emeritus',47,'selchewa@etown.edu'),(158,'Michael','Silberstein',20,'Professor of Philosophy',23,'silbermd@etown.edu'),(159,'Elizabeth','Dalton',21,'Assistant Prof of Psychology',45,'daltone@etown.edu'),(160,'Catherine','Lemley',21,'Professor of Psychology',66,'lemleyce@etown.edu'),(161,'Ian','MacFarlane',21,'Assistant Professor of Psychology',16,'macfarlanei@etown.edu'),(162,'Jean','Pretz',21,'Professor of Psychology Department Chair',91,'pretzj@etown.edu'),(163,'Michael','Roy',21,'Assoc Professor of Psychology',52,'roym@etown.edu'),(164,'Evan','Smith',21,'Associate Professor of Psychology',61,'smitht@etown.edu'),(165,'Christina','Bucher',22,'Carl W. Zeigler Professor of Religion Department Chair',21,'bucherca@etown.edu'),(166,'Jeffery','Long',22,'Prof of Religion and Asian Studies',88,'longjd@etown.edu'),(167,'Michael','Long',22,'Assoc Prof of Rel Studies Dir Peace & Conflict Studies',23,'longm@etown.edu'),(168,'Andrew','Dunlap',23,'Associate Professor of Social Work',29,'dunlapal@etown.edu'),(169,'Badiah','Haffejee',23,'Assistant Professor of Social Work',13,'haffejeeb@etown.edu'),(170,'Susan','Mapp',23,'Professor of Social Work Department Chair',6,'mapps@etown.edu'),(171,'Maureen','Riley-Behringer',23,'Assistant Professor of Social Work',75,'riley-behringerm@etown.edu'),(172,'Heather','Teter',23,'Adjunct Faculty',74,'teterh@etown.edu'),(173,'Kris','Castner',24,'Adjunct Faculty',76,'castnerk@etown.edu'),(174,'Christopher','Cook',24,'Adjunct Faculty',62,'cookc@etown.edu'),(175,'Conrad','Kanagy',24,'Professor of Sociology Department Chair',69,'kanagycl@etown.edu'),(176,'Michele','Kozimor-King',24,'Associate Prof of Sociology',85,'kozimor-kim@etown.edu'),(177,'Elizabeth','Newell',24,'Associate Prof of Anthropology',85,'newellea@etown.edu'),(178,'Carl','Steinhart',24,'Adjunct Faculty',48,'steinhartc@etown.edu'),(179,'Robert','Wheelersburg',24,'Professor of Anthropology',3,'wheelersburg@etown.edu');
/*!40000 ALTER TABLE `Faculty` ENABLE KEYS */;
UNLOCK TABLES;

--
-- Table structure for table `Majors`
--

DROP TABLE IF EXISTS `Majors`;
/*!40101 SET @saved_cs_client     = @@character_set_client */;
/*!40101 SET character_set_client = utf8 */;
CREATE TABLE `Majors` (
  `idMajor` int(11) NOT NULL,
  `name` varchar(45) DEFAULT NULL,
  `idDep` int(11) DEFAULT NULL,
  PRIMARY KEY (`idMajor`),
  KEY `idDept_idx` (`idDep`),
  CONSTRAINT `Department` FOREIGN KEY (`idDep`) REFERENCES `Department` (`idDep`) ON DELETE NO ACTION ON UPDATE NO ACTION
) ENGINE=InnoDB DEFAULT CHARSET=latin1 COMMENT='This holds all the information about the majors.';
/*!40101 SET character_set_client = @saved_cs_client */;

--
-- Dumping data for table `Majors`
--

LOCK TABLES `Majors` WRITE;
/*!40000 ALTER TABLE `Majors` DISABLE KEYS */;
INSERT INTO `Majors` VALUES (1,'Accounting B.S.',2),(2,'Actuarial Science B.S.',16),(3,'Biochemistry B.S.',3),(4,'Biology B.S.',1),(5,'Biology Secondary Education B.S.',1),(6,'Biotechnology B.S.',1),(7,'Business Administration B.S.',2),(8,'Business Data Science B.S.',2),(9,'Chemistry B.S.',3),(10,'Chemistry Laboratroy Sciences B.S.',3),(11,'Chemistry Secondary Education B.S.',3),(12,'Communications B.A.',5),(13,'Computer Engineering B.S.',6),(14,'Computer Science B.S.',6),(15,'Criminal Justice B.A',24),(16,'Data Science B.S.',6),(17,'Early Childhood Education B.S.',9),(18,'Economics B.A. ',2),(19,'Elementary/ Middle-Level Education B.S.',9),(20,'Engineering B.S.',10),(21,'English B.A.',11),(22,'English Secondary Education B.S.',11),(23,'Environmental Science B.S.',1),(24,'Finance B.S.',2),(25,'Financial Economics B.S.',2),(26,'Fine Arts B.A.',12),(27,'Arts Education B.A.',12),(28,'French B.A.',17),(29,'German B.A.',17),(30,'Graphic Design B.A.',12),(31,'Health and Occupation B.S.',18),(32,'History B.A.',14),(33,'Information Systems B.S.',4),(34,'Interfaith Leadership Studies B.A.',22),(35,'International Business B.S.',2),(36,'Japanese B.A.',17),(37,'Legal Studies B.A.',20),(38,'Marketing B.S. ',2),(39,'Mathematical Business B.S.',16),(40,'Mathematics B.S.',16),(41,'Mathematics Secondary Education B.S.',16),(42,'Music B.A.',12),(43,'Music Education B.M.',12),(44,'Music Therapy B.M.',12),(45,'Philosophy B.A.',20),(46,'Physics B.S.',10),(47,'Physics Secondary Education B.S.',10),(48,'Political Science B.A.',20),(49,'Psychology B.A.',21),(50,'Religious Studies B.A.',22),(51,'Social Studies Education',15),(52,'Social Work B.S.W.',23),(53,'Sociology-Anthropology B.A.',24),(54,'Spanish B.A.',17),(55,'Spanish Education B.A.',17),(56,'Theatre B.A.',12);
/*!40000 ALTER TABLE `Majors` ENABLE KEYS */;
UNLOCK TABLES;

--
-- Table structure for table `Minors`
--

DROP TABLE IF EXISTS `Minors`;
/*!40101 SET @saved_cs_client     = @@character_set_client */;
/*!40101 SET character_set_client = utf8 */;
CREATE TABLE `Minors` (
  `idMinor` int(11) NOT NULL,
  `name` varchar(45) DEFAULT NULL,
  `idDep` int(11) DEFAULT NULL,
  PRIMARY KEY (`idMinor`),
  KEY `Department_idx` (`idDep`),
  CONSTRAINT `idDepartment` FOREIGN KEY (`idDep`) REFERENCES `Department` (`idDep`) ON DELETE NO ACTION ON UPDATE NO ACTION
) ENGINE=InnoDB DEFAULT CHARSET=latin1 COMMENT='This holds all of the information about the minors';
/*!40101 SET character_set_client = @saved_cs_client */;

--
-- Dumping data for table `Minors`
--

LOCK TABLES `Minors` WRITE;
/*!40000 ALTER TABLE `Minors` DISABLE KEYS */;
INSERT INTO `Minors` VALUES (1,'Architectural Studies Minor',10),(2,'Anabaptist and Pietist Studies Minors',22),(3,'Anthropology Minor',24),(4,'Art History Minor',12),(5,'Asian Studies Minor',15),(6,'Biochemistry Minor',3),(7,'Biology Minor',1),(8,'Business Administration Minor',2),(9,'Chemistry Minor',3),(10,'Cognitive Science Minor',15),(11,'Communication Minor',5),(12,'Computer Science Minor',6),(13,'Creative Writing Minor',11),(14,'Data Analytics ',15),(15,'Economics Minor',2),(16,'English Literature Minor',11),(17,'English Professional Writing Minor',11),(18,'Family Business and Entrepreneurship Minor',2),(19,'Film Studies Minor',15),(20,'French Minor',17),(21,'General Science Minor',15),(22,'German Minor',17),(23,'Graphic Design Minor',12),(24,'History Minor',14),(25,'Human Services Minor',15),(26,'Information Systems Minor',6),(27,'Interfaith Leadership Studies Minor',22),(28,'International Studies Minor',15),(29,'Japanese Minor',17),(30,'Mathematics Minor',16),(31,'Music Minor',12),(32,'Peave and Conflict Studies Minor',15),(33,'Philosophy Minor',20),(34,'Physics Minor',10),(35,'Political Science Minor',20),(36,'Psychology Minor',21),(37,'Religious Studies Minor',22),(38,'Sociology Minor',24),(39,'Spanish Minor',17),(40,'Studio Art Minor',12),(41,'Technical Design Minor',10),(42,'Theatre Minor',12),(43,'Women and Gender Studies Minor',15);
/*!40000 ALTER TABLE `Minors` ENABLE KEYS */;
UNLOCK TABLES;

--
-- Table structure for table `Room`
--

DROP TABLE IF EXISTS `Room`;
/*!40101 SET @saved_cs_client     = @@character_set_client */;
/*!40101 SET character_set_client = utf8 */;
CREATE TABLE `Room` (
  `idRoom` int(11) NOT NULL,
  `roomNumber` varchar(32) DEFAULT NULL,
  `building` int(11) DEFAULT NULL,
  PRIMARY KEY (`idRoom`),
  KEY `buildingID_idx` (`building`),
  CONSTRAINT `buildingID` FOREIGN KEY (`building`) REFERENCES `Building` (`idBuilding`) ON DELETE NO ACTION ON UPDATE NO ACTION
) ENGINE=InnoDB DEFAULT CHARSET=latin1;
/*!40101 SET character_set_client = @saved_cs_client */;

--
-- Dumping data for table `Room`
--

LOCK TABLES `Room` WRITE;
/*!40000 ALTER TABLE `Room` DISABLE KEYS */;
INSERT INTO `Room` VALUES (0,'215',3),(1,'214',3),(2,'211',3),(3,'114',3),(4,'108',3),(5,'GAUD',2),(6,'207',6),(7,'210',6),(8,'230',6),(9,'204',11),(10,'249',4),(11,'108',9),(12,'111',9),(13,'211',9),(14,'101',9),(15,'109',9),(16,'210',9),(17,'110',9),(18,'114',9),(19,'273',2),(20,'127',6),(21,'212',3),(22,'213',3),(23,'164',2),(24,'226',3),(25,'116',13),(26,'151',4),(27,'152',4),(28,'187',2),(29,'253',4),(30,'250',4),(31,'368',2),(32,'150',4),(33,'153',4),(34,'232',5),(35,'108',5),(36,'105',10),(37,'201',5),(38,'105',5),(39,'106',5),(40,'215',5),(41,'203',6),(42,'204',9),(43,'281',2),(44,'208',6),(45,'STD',7),(46,'202',6),(47,'106',6),(48,'104',6),(49,'129',6),(50,'131',6),(51,'182',2),(52,'163',2),(53,'380',2),(54,'206',6),(55,'232',6),(56,'204',6),(57,'201',6),(58,'212',6),(59,'107',3),(60,'184',2),(61,'111',3),(62,'211',11),(63,'304',11),(64,'112',3),(65,'CLSRM',12),(66,'228',6),(67,'125',13),(68,'1',11),(69,'234',6),(70,'310',11),(71,'370',2),(72,'270',2),(73,'382',2),(74,'205',13),(75,'204',13),(76,'112',13),(77,'126',13),(78,'102',13),(79,'205',6),(80,'114',13),(81,'101',13),(82,'373',2),(83,'360',2),(84,'362',2),(85,'BSMT',8),(86,'BOWL',10),(87,'GYM',10),(88,'260H',2),(89,'271D',2),(90,'280',2),(91,'TEMP',7),(92,'No Room',14);
/*!40000 ALTER TABLE `Room` ENABLE KEYS */;
UNLOCK TABLES;

--
-- Table structure for table `Student`
--

DROP TABLE IF EXISTS `Student`;
/*!40101 SET @saved_cs_client     = @@character_set_client */;
/*!40101 SET character_set_client = utf8 */;
CREATE TABLE `Student` (
  `idStudent` int(11) NOT NULL,
  `fName` varchar(45) DEFAULT NULL,
  `lName` varchar(45) DEFAULT NULL,
  `mInitial` varchar(45) DEFAULT NULL,
  `idAdvisor` int(11) DEFAULT NULL,
  PRIMARY KEY (`idStudent`),
  KEY `idAdvisor_idx` (`idAdvisor`),
  CONSTRAINT `idAdvisor` FOREIGN KEY (`idAdvisor`) REFERENCES `Faculty` (`idFaculty`) ON DELETE NO ACTION ON UPDATE NO ACTION
) ENGINE=InnoDB DEFAULT CHARSET=latin1 COMMENT='All student data is held here.';
/*!40101 SET character_set_client = @saved_cs_client */;

--
-- Dumping data for table `Student`
--

LOCK TABLES `Student` WRITE;
/*!40000 ALTER TABLE `Student` DISABLE KEYS */;
INSERT INTO `Student` VALUES (0,'JORDON','HARDIN','S',136),(1,'MARKITA','RANDOLPH','T',103),(2,'BARI','KIDD','Y',8),(3,'REFUGIO','ADKINS','T',109),(4,'THEODORE','STOUT','T',83),(5,'BUNNY','YU','O',6),(6,'MACK','HURST','C',134),(7,'CHAS','SWANSON','D',97),(8,'WARD','ROJAS','D',84),(9,'HUI','GRANT','F',72),(10,'TILLIE','PAUL','R',126),(11,'ILA','DICKSON','G',148),(12,'CORY','GORDON','E',157),(13,'BEULAH','WALTERS','J',61),(14,'BLOSSOM','GARCIA','E',20),(15,'JONI','WILLIAMS','I',118),(16,'KATHERINE','SIMON','V',64),(17,'CLEOPATRA','STARK','X',121),(18,'BRAIN','CALLAHAN','F',136),(19,'CARROL','MORALES','J',176),(20,'KIESHA','COMBS','K',30),(21,'MAYBELL','LUNA','F',33),(22,'RITA','COOK','R',21),(23,'CHIQUITA','HERRERA','Y',143),(24,'EDEN','JEFFERSON','I',77),(25,'LUCIA','WATERS','C',171),(26,'SUELLEN','MATTHEWS','Y',49),(27,'MAZIE','STOUT','U',171),(28,'DELL','HURLEY','K',154),(29,'DAN','REED','Z',32),(30,'GEORGETTA','GILLESPIE','R',178),(31,'JACQUELINE','PETERSEN','E',97),(32,'KATELYN','DAVIES','G',99),(33,'NATHANIEL','JACKSON','S',153),(34,'SUSANNA','ROMAN','H',69),(35,'TOD','GLENN','A',12),(36,'HARLAND','HERNANDEZ','O',78),(37,'HAN','EWING','O',147),(38,'CODY','DORSEY','P',32),(39,'MAIRE','JOHNSTON','Y',122),(40,'LEKISHA','MORSE','V',136),(41,'ROLANDE','DAVIS','E',159),(42,'POLLY','WU','X',30),(43,'NYDIA','ALLEN','Q',175),(44,'RENATE','WEBSTER','C',121),(45,'EVELYNE','MCKAY','O',122),(46,'ANNELLE','TERRELL','T',31),(47,'JERRY','DIAZ','N',5),(48,'DEBBRA','WARD','B',83),(49,'TAWNY','HAYES','L',150),(50,'GRACIA','SANTANA','N',88),(51,'FAUSTO','SELLERS','Q',57),(52,'MONNIE','RANDALL','E',130),(53,'FORREST','MERRITT','H',85),(54,'ALEXANDRA','BLEVINS','L',120),(55,'LYMAN','IBARRA','N',111),(56,'LORNA','HARRINGTON','Q',63),(57,'JAMAL','PADILLA','W',158),(58,'AURELIO','JOSEPH','T',39),(59,'JENNIFER','MCKAY','O',124),(60,'CHAROLETTE','GREENE','I',142),(61,'LOIDA','HARPER','Z',164),(62,'VAL','SIMMONS','P',167),(63,'HERSHEL','BENITEZ','Z',117),(64,'LYDA','MALDONADO','G',120),(65,'CHRISTINA','MONTES','C',82),(66,'TATUM','PRATT','M',9),(67,'SHEBA','LUTZ','L',61),(68,'JACQUELYNN','STEVENSON','V',12),(69,'GEORGIANN','JACOBSON','T',108),(70,'SHELLY','FLETCHER','N',159),(71,'JENISE','COX','B',27),(72,'JULIENNE','TREVINO','T',39),(73,'ROXY','PETTY','Q',144),(74,'JAMIKA','GILES','Y',149),(75,'IRA','VILLANUEVA','J',136),(76,'KARAN','BARRETT','Q',119),(77,'DARCIE','HARRINGTON','M',96),(78,'NOVELLA','COBB','E',30),(79,'DOROTHEA','STONE','S',163),(80,'WERNER','GOULD','J',113),(81,'JONATHAN','FARLEY','H',88),(82,'HERLINDA','RANDALL','B',97),(83,'CHANELLE','RUSSO','O',36),(84,'CORTEZ','MCPHERSON','D',138),(85,'CAMIE','YANG','M',32),(86,'GERI','COWAN','T',147),(87,'PETRINA','PORTER','G',96),(88,'NATHALIE','GRAHAM','O',43),(89,'RETTA','WOLFE','Y',149),(90,'CAITLIN','MONTOYA','N',24),(91,'ALFREDO','CURTIS','D',25),(92,'RACHEL','BECK','K',101),(93,'PRISCILA','WARD','U',73),(94,'NORMAN','BENNETT','B',100),(95,'JASMINE','PATTERSON','D',18),(96,'VIRGIE','MCKEE','Q',10),(97,'FELISHA','COPELAND','B',110),(98,'RITA','KRUEGER','V',7),(99,'JENNELL','DAVENPORT','S',126),(100,'KELLY','ROSE','M',30),(101,'MERLE','WALKER','N',18),(102,'RONNA','ARIAS','I',94),(103,'STANLEY','DURHAM','E',63),(104,'ERIKA','HENRY','K',28),(105,'REX','GEORGE','Z',130),(106,'RUTHANNE','MADDOX','K',59),(107,'NATACHA','JUAREZ','D',6),(108,'VADA','MICHAEL','X',174),(109,'JOHNA','SUAREZ','V',129),(110,'MELBA','ALLISON','D',143),(111,'SIMONNE','LEON','C',100),(112,'ALVARO','HENSLEY','K',81),(113,'LEIF','WILKINSON','G',141),(114,'COLLIN','HARRELL','G',66),(115,'ALANE','SCHULTZ','F',23),(116,'MINERVA','PARSONS','I',70),(117,'BLAINE','SHEPPARD','X',179),(118,'ZACHARY','CASEY','I',14),(119,'LULA','CHRISTIAN','M',57),(120,'IDALIA','JOSEPH','F',122),(121,'KATHLINE','MILLER','M',164),(122,'OLA','LARSEN','X',75),(123,'SOLANGE','ROSALES','J',8),(124,'PHYLLIS','HENRY','S',167),(125,'REIKO','JUAREZ','Y',124),(126,'TAKAKO','RICHMOND','U',10),(127,'LYN','BLACKBURN','R',139),(128,'ROMAN','RODRIGUEZ','E',48),(129,'SACHA','WARE','L',120),(130,'ELVIRA','BANKS','F',35),(131,'SARAN','WADE','O',171),(132,'SIMA','RIVERS','L',69),(133,'TRISTA','GARNER','C',111),(134,'LAKIESHA','BULLOCK','U',37),(135,'ARDITH','MENDOZA','I',22),(136,'YAHAIRA','SHORT','Y',16),(137,'ASTRID','MAY','L',67),(138,'MADIE','NEWTON','Z',20),(139,'GLINDA','GLOVER','D',106),(140,'KENDRICK','SPENCER','M',164),(141,'LORENZA','JIMENEZ','I',129),(142,'ROBBIE','GARNER','R',133),(143,'BAILEY','DUARTE','J',48),(144,'GAYNELL','WILLIAMS','I',21),(145,'COLTON','RHODES','D',111),(146,'CLOTILDE','RAMOS','K',69),(147,'LEEANN','JAMES','Q',64),(148,'FRANCIS','AYALA','Y',134),(149,'MAMIE','HENRY','V',167),(150,'TAKAKO','SHEPHERD','W',134),(151,'KIMI','HAWKINS','L',132),(152,'LOIDA','LUNA','I',134),(153,'ROSALINE','DAVIDSON','P',9),(154,'DENIS','ARMSTRONG','U',161),(155,'ASHLEE','MCGEE','P',161),(156,'NELLA','SPENCER','Y',172),(157,'OSWALDO','FIGUEROA','Y',14),(158,'IRA','NOLAN','C',59),(159,'MAY','SHELTON','E',141),(160,'HEDWIG','CHAVEZ','T',16),(161,'YAHAIRA','RAY','A',127),(162,'MURRAY','MCMILLAN','O',81),(163,'AUDRIA','DAVENPORT','J',19),(164,'CARITA','REID','W',131),(165,'JULIANA','HAAS','J',69),(166,'MARITZA','COFFEY','M',134),(167,'HUI','FRENCH','V',20),(168,'DARNELL','DURAN','X',62),(169,'POK','DENNIS','N',17),(170,'CAITLYN','DOUGHERTY','T',90),(171,'CORRINNE','RIVERS','S',136),(172,'MICAH','MACIAS','O',14),(173,'DELCIE','HANSEN','H',170),(174,'BENITA','ROY','H',149),(175,'ODELL','REEVES','M',66),(176,'JUDIE','WANG','Y',116),(177,'KRISTOFER','CAREY','J',159),(178,'LAVERN','MELENDEZ','H',5),(179,'SHARONDA','COBB','P',8),(180,'WHITLEY','WALKER','M',117),(181,'ALBERTINA','MOODY','Q',42),(182,'ALITA','FLORES','W',65),(183,'GORDON','CHRISTENSEN','O',132),(184,'FERNE','HERMAN','G',79),(185,'BRINDA','MCDANIEL','E',146),(186,'GLADIS','ROWLAND','I',37),(187,'BRUNO','FRAZIER','G',169),(188,'MARYJANE','BERGER','D',88),(189,'DENNY','CHUNG','Z',100),(190,'BRIDGET','HAHN','Q',84),(191,'TONA','HOLLOWAY','J',171),(192,'WALKER','BAKER','M',56),(193,'ARON','EVERETT','C',47),(194,'AUGUSTINE','WRIGHT','O',92),(195,'MADELAINE','KERR','K',98),(196,'CHADWICK','CARSON','D',58),(197,'ADELINA','BURGESS','C',63),(198,'SHALA','TATE','E',151),(199,'IRVIN','NAVARRO','H',55),(200,'BEBE','CASEY','V',178),(201,'KRISTOPHER','ROMAN','M',17),(202,'MATILDA','MCCARTHY','B',80),(203,'HARRIS','SCHMITT','B',114),(204,'BETHANY','CLARKE','Z',112),(205,'REGENA','ROACH','D',123),(206,'ELVIN','CLARKE','T',51),(207,'MARINA','LEACH','I',155),(208,'GRAZYNA','JACOBS','C',78),(209,'STEFFANIE','ONEILL','F',173),(210,'AMADO','MARTIN','G',5),(211,'RANDEE','COBB','A',93),(212,'CHU','ARNOLD','K',84),(213,'CRISTINA','HARRELL','W',12),(214,'TWYLA','CHOI','Q',85),(215,'DOTTIE','CURTIS','X',173),(216,'SAM','ROSS','M',149),(217,'ANTON','BRADLEY','Z',139),(218,'ZENA','CHARLES','G',119),(219,'KRYSTIN','REYES','H',114),(220,'SUANNE','FARMER','T',31),(221,'EARLIE','NORMAN','M',124),(222,'ROSETTE','HOOVER','R',87),(223,'LUCRETIA','MADDEN','Q',121),(224,'LATINA','VANG','Z',146),(225,'LOUIS','LEBLANC','S',83),(226,'JOLYNN','SAMPSON','Z',40),(227,'REBBECA','FLETCHER','N',150),(228,'EDGARDO','ALVARADO','A',61),(229,'LEANNA','HOWE','X',96),(230,'RETA','COX','T',135),(231,'MARLIN','HOLLOWAY','C',79),(232,'DEANE','FLETCHER','M',179),(233,'SHIRLENE','MCLEAN','Y',77),(234,'CHRISTOPER','STOKES','S',1),(235,'ROLF','GALLOWAY','Y',92),(236,'CARMA','STEWART','H',133),(237,'ALMETA','FROST','W',91),(238,'ELMA','WOLF','D',177),(239,'LANELLE','PAGE','N',144),(240,'BRICE','BRADFORD','W',164),(241,'VIRGINIA','DUFFY','S',161),(242,'PARKER','MCCULLOUGH','U',4),(243,'VERNELL','RICHARD','B',166),(244,'JESUS','BRIGHT','U',71),(245,'DOMINIC','SHAH','P',17),(246,'SALLIE','SANTOS','G',7),(247,'CARMA','HORNE','O',82),(248,'GARY','OLSON','Z',154),(249,'JAN','MORA','A',78),(250,'LAKIA','FISCHER','P',51),(251,'DONG','SPEARS','W',174),(252,'NICHOLAS','SALAS','S',130),(253,'CHET','NAVARRO','D',40),(254,'JONIE','MCKNIGHT','T',77),(255,'LEATHA','SOSA','B',63),(256,'EDWARDO','RIDDLE','Q',80),(257,'RON','GOOD','I',114),(258,'NORINE','MAYO','J',35),(259,'CALANDRA','PINEDA','I',154),(260,'YESSENIA','ELLIS','R',6),(261,'NELLIE','PRICE','F',92),(262,'ESTRELLA','SCHAEFER','X',67),(263,'LISBETH','BLACK','I',100),(264,'DORETHA','JENSEN','R',69),(265,'LENA','HOUSTON','P',13),(266,'LYNSEY','KENT','U',46),(267,'ELBERT','WEST','M',71),(268,'BRANDA','FARLEY','V',167),(269,'FLETCHER','GORDON','I',54),(270,'ALDO','FIGUEROA','G',8),(271,'REMONA','NEWMAN','N',46),(272,'MOZELLA','AVILA','B',93),(273,'TAWNY','GALLEGOS','X',124),(274,'SHONNA','CARLSON','M',3),(275,'ROCHELL','VELAZQUEZ','K',86),(276,'LOU','ZHANG','K',81),(277,'KANDRA','OBRIEN','U',34),(278,'CHRISTOPER','PALMER','J',78),(279,'EILENE','DOUGHERTY','K',57),(280,'ROSINA','KIRK','D',5),(281,'LYNSEY','BURCH','N',2),(282,'ALICE','COOLEY','G',7),(283,'ADRIANA','ROBBINS','G',22),(284,'MICHEAL','OROZCO','B',95),(285,'ALTHA','WALLER','K',111),(286,'DOMINIQUE','GOLDEN','P',1),(287,'JENNEFER','GRAHAM','O',119),(288,'KASHA','TANNER','W',25),(289,'BETTINA','WEBER','J',169),(290,'HILDE','DUDLEY','O',55),(291,'OSCAR','WALTON','R',24),(292,'HARRIS','BLACKWELL','X',169),(293,'ANNICE','CUEVAS','Y',158),(294,'CORA','PRESTON','X',79),(295,'DANIAL','MCCARTHY','M',112),(296,'WILFRED','AYALA','A',10),(297,'ADRIANNA','WILKERSON','I',124),(298,'JUAN','UNDERWOOD','P',93),(299,'GENEVIE','FINLEY','U',95),(300,'TANNER','BANKS','L',160),(301,'JAYSON','RIOS','J',45),(302,'STACIA','ELLIOTT','A',102),(303,'MARTH','MAYS','K',98),(304,'LEONARD','RODRIGUEZ','Z',92),(305,'MARCI','MOSLEY','Q',172),(306,'KERRY','BUCKLEY','H',89),(307,'FABIAN','RAYMOND','G',140),(308,'CLELIA','PRINCE','N',41),(309,'DOROTHY','LUNA','V',94),(310,'REBECKA','JOHNS','D',45),(311,'TIESHA','DAVIS','H',3),(312,'ALEXANDER','LEVINE','V',45),(313,'NIDIA','ALEXANDER','E',50),(314,'ROSALVA','HESS','N',106),(315,'DESPINA','BANKS','L',63),(316,'CLEO','TURNER','S',22),(317,'LEILANI','RAYMOND','Q',133),(318,'DELBERT','CURTIS','U',144),(319,'DIRK','BALL','R',86),(320,'VILMA','ARMSTRONG','L',144),(321,'KIMI','DIXON','D',37),(322,'CELINE','WILLIAMS','S',163),(323,'MARNIE','CAMPBELL','R',156),(324,'LAVENIA','BALLARD','M',93),(325,'RUTHA','ANTHONY','S',137),(326,'JACQUETTA','LAM','A',124),(327,'JAYNA','BURTON','O',19),(328,'RORY','WOLF','P',86),(329,'JAMES','BARNES','D',63),(330,'AKIKO','DUDLEY','U',130),(331,'LEWIS','ROBBINS','F',177),(332,'HOLLY','SHAFFER','T',52),(333,'MARIKO','DELGADO','D',58),(334,'CLETA','FIGUEROA','R',117),(335,'MALORIE','SCHMIDT','F',6),(336,'VALERI','RAMIREZ','Q',8),(337,'SHIRL','SMALL','P',35),(338,'THELMA','STUART','F',109),(339,'OLIVE','ACEVEDO','S',164),(340,'ILANA','FREDERICK','D',94),(341,'TASHA','DURAN','W',51),(342,'SHERRYL','ALLEN','K',51),(343,'EVELINA','ROY','H',98),(344,'CASIE','KENNEDY','N',111),(345,'MAI','SINGH','C',142),(346,'HOBERT','MORROW','A',119),(347,'ESTHER','SANTOS','U',76),(348,'TONEY','GILES','L',146),(349,'FELICITAS','CUNNINGHAM','J',75),(350,'LIN','SCHROEDER','N',61),(351,'ALEX','CHOI','N',61),(352,'JOHNNA','DELEON','H',17),(353,'DOREATHA','FISHER','J',90),(354,'SINDY','SAWYER','G',84),(355,'RENE','FRANK','E',160),(356,'ADRIANNA','SAWYER','Q',177),(357,'CHASE','MOLINA','H',41),(358,'KRISSY','WATTS','Z',170),(359,'FLORIA','HERRERA','Y',61),(360,'DALLAS','PENNINGTON','U',128),(361,'INELL','MCKEE','G',174),(362,'NATHALIE','NOBLE','V',92),(363,'DREAMA','REID','M',152),(364,'ARLETHA','DAVENPORT','L',61),(365,'JOANA','GLENN','F',79),(366,'DONYA','BREWER','M',21),(367,'ADELAIDA','JACOBSON','Q',114),(368,'BILLI','RYAN','X',151),(369,'JONAH','BEARD','X',80),(370,'MERLIN','WARE','P',92),(371,'ROXANA','GRAVES','K',116),(372,'BABARA','TURNER','O',126),(373,'ELINA','BURGESS','Q',127),(374,'CALISTA','AVILA','Z',176),(375,'MERIDITH','VASQUEZ','A',57),(376,'LOREN','GRIFFITH','G',151),(377,'DARRON','LEWIS','V',174),(378,'RHETT','ROSS','N',108),(379,'TRUDIE','FLOWERS','Z',146),(380,'EILENE','STONE','H',94),(381,'HULDA','CAMACHO','B',132),(382,'DIANNA','BRYAN','C',158),(383,'HONEY','MCFARLAND','A',29),(384,'ELAINA','DURHAM','H',113),(385,'MEG','VILLARREAL','B',169),(386,'RANDY','SWEENEY','K',105),(387,'LACY','WU','S',135),(388,'ETHA','ORTIZ','O',80),(389,'MIMI','WELLS','P',27),(390,'MEGHANN','RIVERS','I',122),(391,'TAYLOR','MCDOWELL','J',14),(392,'BREE','LUCAS','C',17),(393,'TRISTAN','MAXWELL','X',11),(394,'RICHARD','COHEN','Y',113),(395,'DORETTA','BLANCHARD','H',83),(396,'FLORENCIO','SANDERS','Y',71),(397,'ELODIA','WOLFE','H',116),(398,'LAUNA','NASH','J',76),(399,'DINORAH','YU','X',166),(400,'LURLENE','YU','A',12),(401,'DESTINY','CANTU','E',87),(402,'SHERRY','HANEY','Y',2),(403,'ARTHUR','POWELL','Q',74),(404,'CARISA','HUTCHINSON','X',75),(405,'SHERWOOD','HORTON','E',97),(406,'ELOIS','BARKER','M',28),(407,'LENITA','PROCTOR','Z',173),(408,'DAGMAR','ARNOLD','K',66),(409,'MARION','RUBIO','G',117),(410,'TORY','ROBINSON','O',144),(411,'HERSHEL','ROSE','M',71),(412,'EMMITT','SUMMERS','W',77),(413,'BONNIE','DAVENPORT','G',46),(414,'JACKLYN','HOLLOWAY','F',152),(415,'LAVERN','GREER','E',121),(416,'DANILO','CHANEY','T',80),(417,'ILANA','MATTHEWS','X',60),(418,'LULA','WEBB','Z',19),(419,'DEEANN','TAYLOR','M',55),(420,'PENNY','BLEVINS','C',102),(421,'NAKIA','MCGEE','X',125),(422,'DEAN','BARAJAS','T',142),(423,'PAZ','SHARP','N',143),(424,'EPIFANIA','NIELSEN','R',173),(425,'MINA','BERGER','S',144),(426,'ISAIAH','LOWE','S',132),(427,'CORTNEY','JOHNSTON','L',57),(428,'MICHALE','JENSEN','O',67),(429,'IONA','HILL','J',67),(430,'SHAYNE','FREDERICK','M',37),(431,'THANH','BURGESS','K',11),(432,'LOLA','HEATH','O',51),(433,'IKE','YODER','Y',108),(434,'KARIMA','RASMUSSEN','E',89),(435,'REBECKA','ROBLES','X',74),(436,'CORIE','WISE','I',145),(437,'BRADLY','NICHOLSON','S',9),(438,'HANG','MULLEN','F',128),(439,'SHANTAE','BRIGHT','A',113),(440,'JUDITH','BERG','V',38),(441,'TRUDI','MCCARTY','J',102),(442,'FELIPE','SAUNDERS','T',126),(443,'CESAR','COLEMAN','N',122),(444,'DEXTER','WOLF','G',129),(445,'ELDON','SHERMAN','K',127),(446,'MICHAEL','POWELL','Y',107),(447,'SHAYNE','MORAN','B',24),(448,'SILVIA','WARREN','H',82),(449,'EVA','DENNIS','L',176),(450,'LACHELLE','ORTEGA','T',36),(451,'MAGDALENA','WRIGHT','M',87),(452,'LITA','BISHOP','A',131),(453,'MARTINE','COLLINS','V',16),(454,'JENEVA','HOWARD','M',127),(455,'JALEESA','GONZALEZ','W',113),(456,'ARIELLE','VELEZ','F',59),(457,'JOANNIE','AGUIRRE','K',26),(458,'CUC','SHEPARD','N',73),(459,'ESTELLA','ROMERO','R',161),(460,'RUBIE','MATTHEWS','X',162),(461,'KANESHA','DUNN','S',89),(462,'MILA','LAWRENCE','X',138),(463,'JERLENE','CALDWELL','T',152),(464,'VANETTA','PETTY','Q',47),(465,'TERRELL','POLLARD','H',67),(466,'JESSENIA','ROMAN','E',159),(467,'LUBA','SHAW','F',27),(468,'KRISTINA','PALMER','D',82),(469,'KEREN','SPENCER','G',129),(470,'MELVIN','LAMB','I',85),(471,'DAWNE','TANNER','Z',18),(472,'SHERI','CASTRO','X',116),(473,'ALEXIA','MATTHEWS','A',35),(474,'LAURE','BOND','Z',134),(475,'ALEXA','DOMINGUEZ','I',39),(476,'LYN','HURST','B',167),(477,'CORINNA','CARR','R',90),(478,'JENE','COBB','F',95),(479,'ELLA','CASTANEDA','U',73),(480,'RENATA','HOOPER','H',131),(481,'JENNINE','BRAUN','B',161),(482,'HIROKO','AYERS','K',37),(483,'NERISSA','LUCERO','F',162),(484,'RONALD','VANG','G',29),(485,'CLIFF','BUTLER','J',82),(486,'KIERA','STEPHENSON','D',56),(487,'PHEBE','KIDD','E',55),(488,'SHELDON','RITTER','Y',118),(489,'VANNESA','BALLARD','T',33),(490,'JEANICE','MATTHEWS','U',62),(491,'MEAGHAN','GAINES','T',163),(492,'NANNETTE','PERKINS','T',149),(493,'LESA','HICKMAN','E',66),(494,'CHUCK','CALDERON','C',172),(495,'MANUELA','ADKINS','X',163),(496,'FREDERICK','KELLER','V',64),(497,'KANDRA','PARKER','L',147),(498,'TIFFANY','BOOTH','R',124),(499,'PRINCESS','VARGAS','S',60);
/*!40000 ALTER TABLE `Student` ENABLE KEYS */;
UNLOCK TABLES;
/*!40103 SET TIME_ZONE=@OLD_TIME_ZONE */;

/*!40101 SET SQL_MODE=@OLD_SQL_MODE */;
/*!40014 SET FOREIGN_KEY_CHECKS=@OLD_FOREIGN_KEY_CHECKS */;
/*!40014 SET UNIQUE_CHECKS=@OLD_UNIQUE_CHECKS */;
/*!40101 SET CHARACTER_SET_CLIENT=@OLD_CHARACTER_SET_CLIENT */;
/*!40101 SET CHARACTER_SET_RESULTS=@OLD_CHARACTER_SET_RESULTS */;
/*!40101 SET COLLATION_CONNECTION=@OLD_COLLATION_CONNECTION */;
/*!40111 SET SQL_NOTES=@OLD_SQL_NOTES */;

-- Dump completed on 2018-12-06 20:56:05
